"Date";"Open";"High";"Low";"Close";"Volume"
"2018-03-02";"31.12";"31.69";"30.63";"31.63";"82739799"
"2018-03-05";"31.35";"32.36";"31.17";"32.13";"70543321"
"2018-03-06";"32.30";"32.32";"31.95";"32.11";"50833087"
"2018-03-07";"31.70";"32.23";"31.58";"32.18";"52764369"
"2018-03-08";"32.19";"32.27";"31.81";"32.20";"53140046"
"2018-03-09";"32.47";"32.73";"32.40";"32.72";"73906289"
"2018-03-12";"32.69";"33.05";"32.64";"32.84";"60316813"
"2018-03-13";"32.97";"32.99";"32.30";"32.36";"63347513"
"2018-03-14";"32.55";"32.55";"31.93";"32.14";"58011496"
"2018-03-15";"32.29";"32.34";"31.93";"32.10";"41670648"
"2018-03-16";"32.11";"32.57";"32.08";"32.17";"83447752"
"2018-03-19";"32.13";"32.22";"31.68";"31.98";"57363799"
"2018-03-20";"32.06";"32.20";"31.88";"31.98";"44785162"
"2018-03-21";"32.00";"32.45";"31.68";"31.87";"64549909"
"2018-03-22";"31.44";"31.49";"30.42";"30.55";"110272116"
"2018-03-23";"30.69";"30.82";"29.05";"29.17";"115740324"
"2018-03-26";"29.89";"30.56";"29.65";"30.44";"83274171"
"2018-03-27";"30.65";"30.67";"29.21";"29.52";"85822870"
"2018-03-28";"29.79";"29.96";"29.01";"29.39";"79396235"
"2018-03-29";"29.57";"30.14";"29.31";"29.99";"65678298"
"2018-04-02";"29.80";"30.06";"28.75";"29.31";"86646268"
"2018-04-03";"29.54";"29.65";"29.10";"29.59";"69698836"
"2018-04-04";"29.00";"29.97";"28.95";"29.88";"66640787"
"2018-04-05";"30.18";"30.55";"30.12";"30.32";"55766613"
"2018-04-06";"30.01";"30.29";"29.37";"29.63";"79688256"
"2018-04-09";"29.82";"30.63";"29.76";"29.87";"65918310"
"2018-04-10";"30.48";"30.58";"30.23";"30.48";"60686565"
"2018-04-11";"30.15";"30.24";"29.89";"29.90";"62239337"
"2018-04-12";"30.22";"30.80";"30.17";"30.65";"57989187"
"2018-04-13";"31.13";"31.17";"29.56";"29.80";"99254733"
"2018-04-16";"30.08";"30.37";"29.47";"29.93";"110589019"
"2018-04-17";"30.17";"30.37";"29.88";"30.04";"83476498"
"2018-04-18";"30.03";"30.22";"29.50";"29.53";"79744417"
"2018-04-19";"29.55";"30.24";"29.54";"30.18";"80902762"
"2018-04-20";"30.26";"30.53";"30.13";"30.26";"65554693"
"2018-04-23";"30.27";"30.40";"30.12";"30.32";"50686747"
"2018-04-24";"30.46";"30.86";"30.00";"30.19";"81486818"
"2018-04-25";"30.09";"30.34";"29.80";"30.14";"65893944"
"2018-04-26";"30.04";"30.28";"29.99";"30.07";"45937949"
"2018-04-27";"29.99";"30.21";"29.97";"30.15";"47411617"
"2018-04-30";"30.27";"30.43";"29.92";"29.92";"55154145"
"2018-05-01";"29.92";"29.96";"29.62";"29.95";"52872889"
"2018-05-02";"29.95";"30.07";"29.56";"29.58";"68234677"
"2018-05-03";"29.51";"29.52";"28.43";"29.20";"110672889"
"2018-05-04";"28.99";"29.42";"28.82";"29.30";"58281886"
"2018-05-07";"29.44";"29.79";"29.33";"29.64";"46765256"
"2018-05-08";"29.77";"30.13";"29.67";"29.93";"65122837"
"2018-05-09";"30.10";"30.79";"30.08";"30.72";"72266763"
"2018-05-10";"30.61";"31.07";"30.42";"30.89";"54775515"
"2018-05-11";"30.91";"31.03";"30.81";"30.92";"42025783"
"2018-05-14";"31.04";"31.23";"31.03";"31.12";"41791756"
"2018-05-15";"30.92";"31.36";"30.85";"31.22";"64434205"
"2018-05-16";"31.18";"31.25";"31.02";"31.06";"43590725"
"2018-05-17";"31.04";"31.08";"30.67";"30.81";"45981900"
"2018-05-18";"30.77";"30.79";"30.23";"30.26";"58641938"
"2018-05-21";"30.52";"30.68";"30.48";"30.55";"34983842"
"2018-05-22";"30.60";"31.14";"30.54";"30.89";"61103248"
"2018-05-23";"30.71";"30.76";"30.08";"30.44";"73894520"
"2018-05-24";"30.40";"30.41";"29.83";"30.21";"62146383"
"2018-05-25";"30.01";"30.19";"29.88";"30.16";"44166864"
"2018-05-29";"29.76";"29.80";"28.70";"28.96";"135895395"
"2018-05-30";"29.29";"29.60";"29.16";"29.49";"79400491"
"2018-05-31";"29.20";"29.26";"28.83";"29.04";"97509600"
"2018-06-01";"29.49";"29.66";"29.31";"29.40";"64801888"
"2018-06-04";"29.55";"29.59";"29.33";"29.40";"43777511"
"2018-06-05";"29.31";"29.34";"29.06";"29.12";"47690809"
"2018-06-06";"29.29";"30.05";"29.29";"30.04";"74996066"
"2018-06-07";"30.20";"30.31";"29.89";"30.09";"68402739"
"2018-06-08";"30.01";"30.05";"29.81";"30.01";"49573435"
"2018-06-11";"30.13";"30.41";"30.06";"30.06";"46733622"
"2018-06-12";"30.17";"30.27";"29.75";"29.90";"49647679"
"2018-06-13";"29.98";"30.36";"29.70";"29.84";"68905441"
"2018-06-14";"30.04";"30.05";"29.38";"29.50";"77864647"
"2018-06-15";"29.25";"29.41";"28.87";"29.28";"105048513"
"2018-06-18";"28.94";"29.50";"28.81";"29.40";"52647125"
"2018-06-19";"29.04";"29.37";"28.95";"29.26";"65466448"
"2018-06-20";"29.42";"29.50";"29.18";"29.24";"52257091"
"2018-06-21";"29.21";"29.45";"29.00";"29.29";"68323056"
"2018-06-22";"29.46";"29.52";"28.99";"28.99";"77349506"
"2018-06-25";"28.86";"28.91";"28.26";"28.48";"73616540"
"2018-06-26";"28.52";"28.67";"28.01";"28.54";"56372347"
"2018-06-27";"28.51";"28.85";"28.24";"28.24";"61764493"
"2018-06-28";"28.40";"28.84";"28.30";"28.67";"71292558"
"2018-06-29";"29.09";"29.17";"28.18";"28.19";"102439039"
"2018-07-02";"28.08";"28.28";"27.83";"28.28";"52534515"
"2018-07-03";"28.33";"28.43";"27.74";"27.78";"40599097"
"2018-07-05";"27.95";"28.08";"27.81";"27.92";"44506828"
"2018-07-06";"27.81";"28.15";"27.63";"28.03";"40275879"
"2018-07-09";"28.23";"29.09";"28.22";"29.05";"61759303"
"2018-07-10";"29.22";"29.33";"28.75";"28.83";"58860498"
"2018-07-11";"28.67";"28.91";"28.62";"28.68";"50219311"
"2018-07-12";"28.90";"28.97";"28.66";"28.77";"51687696"
"2018-07-13";"28.62";"28.69";"28.22";"28.55";"75241862"
"2018-07-16";"28.78";"29.85";"28.73";"29.78";"129172579"
"2018-07-17";"29.89";"30.20";"29.58";"30.01";"87782743"
"2018-07-18";"29.92";"30.29";"29.84";"30.13";"59111723"
"2018-07-19";"29.93";"30.02";"29.64";"29.67";"59275120"
"2018-07-20";"29.62";"30.16";"29.46";"30.13";"82031940"
"2018-07-23";"30.14";"30.85";"30.13";"30.75";"74081510"
"2018-07-24";"30.85";"31.11";"30.65";"30.83";"64764749"
"2018-07-25";"30.70";"31.11";"30.67";"31.07";"57563499"
"2018-07-26";"31.19";"31.21";"30.89";"30.94";"46215254"
"2018-07-27";"30.99";"31.14";"30.80";"31.06";"57218053"
"2018-07-30";"31.14";"31.45";"31.13";"31.31";"58721044"
"2018-07-31";"31.36";"31.42";"30.82";"30.88";"64067247"
"2018-08-01";"31.22";"31.55";"31.17";"31.25";"69073513"
"2018-08-02";"30.98";"31.31";"30.87";"31.28";"46430661"
"2018-08-03";"31.18";"31.51";"31.16";"31.51";"50153869"
"2018-08-06";"31.45";"31.59";"31.32";"31.52";"41262118"
"2018-08-07";"31.55";"31.80";"31.49";"31.51";"43946861"
"2018-08-08";"31.51";"31.91";"31.48";"31.80";"43689783"
"2018-08-09";"31.73";"31.79";"31.55";"31.60";"38219358"
"2018-08-10";"31.23";"31.33";"30.90";"31.19";"55680724"
"2018-08-13";"31.08";"31.12";"30.45";"30.48";"63960909"
"2018-08-14";"30.61";"30.90";"30.42";"30.79";"42530642"
"2018-08-15";"30.48";"30.62";"30.16";"30.36";"59748076"
"2018-08-16";"30.56";"30.84";"30.52";"30.72";"44015472"
"2018-08-17";"30.66";"30.86";"30.55";"30.74";"39843705"
"2018-08-20";"30.69";"30.93";"30.65";"30.87";"40011464"
"2018-08-21";"30.91";"31.25";"30.83";"31.02";"53511371"
"2018-08-22";"30.92";"31.09";"30.88";"30.98";"33062985"
"2018-08-23";"30.94";"30.98";"30.74";"30.84";"38259078"
"2018-08-24";"30.94";"31.08";"30.85";"30.89";"43585181"
"2018-08-27";"31.03";"31.49";"30.99";"31.31";"47729418"
"2018-08-28";"31.36";"31.41";"31.19";"31.27";"38539483"
"2018-08-29";"31.24";"31.31";"31.07";"31.14";"46401881"
"2018-08-30";"31.02";"31.15";"30.95";"31.01";"47361015"
"2018-08-31";"30.88";"30.95";"30.62";"30.93";"49266852"
"2018-09-04";"30.91";"31.16";"30.82";"31.14";"44746251"
"2018-09-05";"31.07";"31.24";"30.97";"31.18";"48517022"
"2018-09-06";"31.05";"31.11";"30.73";"30.85";"42667707"
"2018-09-07";"31.00";"31.12";"30.63";"30.86";"49106924"
"2018-09-10";"30.88";"31.00";"30.75";"30.82";"34159085"
"2018-09-11";"30.72";"30.90";"30.70";"30.85";"53071220"
"2018-09-12";"30.88";"30.96";"30.38";"30.43";"59482605"
"2018-09-13";"30.53";"30.67";"30.08";"30.14";"59220379"
"2018-09-14";"30.13";"30.39";"30.11";"30.37";"33744274"
"2018-09-17";"30.34";"30.49";"30.15";"30.28";"35027184"
"2018-09-18";"30.33";"30.40";"30.13";"30.21";"49921846"
"2018-09-19";"30.13";"31.20";"30.13";"31.00";"92668317"
"2018-09-20";"31.30";"31.37";"31.14";"31.19";"83357537"
"2018-09-21";"31.34";"31.37";"30.97";"31.03";"85992733"
"2018-09-24";"30.98";"31.20";"30.66";"30.74";"45587788"
"2018-09-25";"30.85";"31.04";"30.60";"30.67";"40950140"
"2018-09-26";"30.71";"30.74";"30.06";"30.13";"57887559"
"2018-09-27";"30.24";"30.31";"29.93";"29.94";"45879901"
"2018-09-28";"29.65";"29.85";"29.42";"29.46";"74708097"
"2018-10-01";"29.68";"29.94";"29.54";"29.65";"53905925"
"2018-10-02";"29.58";"29.72";"29.27";"29.58";"42940545"
"2018-10-03";"29.81";"30.18";"29.72";"30.00";"61080367"
"2018-10-04";"30.17";"30.79";"30.14";"30.43";"72326143"
"2018-10-05";"30.60";"30.65";"30.05";"30.23";"51931084"
"2018-10-08";"30.05";"30.42";"29.91";"30.27";"47471770"
"2018-10-09";"30.03";"30.19";"29.87";"29.98";"58871111"
"2018-10-10";"29.98";"30.13";"29.21";"29.24";"88454494"
"2018-10-11";"28.89";"29.25";"28.26";"28.36";"111417378"
"2018-10-12";"28.99";"29.04";"27.73";"28.46";"102279647"
"2018-10-15";"28.49";"28.62";"27.64";"27.92";"114636434"
"2018-10-16";"28.24";"28.58";"27.90";"28.53";"87887876"
"2018-10-17";"28.37";"29.19";"28.16";"28.90";"79069216"
"2018-10-18";"28.67";"28.90";"28.14";"28.25";"77369690"
"2018-10-19";"28.14";"28.52";"27.97";"28.32";"64305361"
"2018-10-22";"28.32";"28.35";"27.31";"27.38";"89942884"
"2018-10-23";"26.39";"27.20";"26.11";"27.02";"102392722"
"2018-10-24";"26.86";"26.90";"26.08";"26.19";"86389106"
"2018-10-25";"26.38";"26.93";"26.18";"26.59";"73784543"
"2018-10-26";"26.33";"26.58";"25.88";"26.39";"91103635"
"2018-10-29";"26.69";"27.18";"26.29";"26.61";"89367576"
"2018-10-30";"26.76";"26.86";"26.32";"26.78";"79007147"
"2018-10-31";"27.10";"27.88";"27.06";"27.50";"92296348"
"2018-11-01";"27.77";"28.00";"27.61";"27.81";"49827477"
"2018-11-02";"28.01";"28.38";"27.52";"27.89";"69010292"
"2018-11-05";"27.95";"28.24";"27.89";"28.06";"40981931"
"2018-11-06";"28.02";"28.25";"27.74";"28.21";"42689492"
"2018-11-07";"28.42";"28.67";"28.14";"28.54";"56679306"
"2018-11-08";"28.50";"29.12";"28.43";"28.87";"49421739"
"2018-11-09";"28.75";"28.89";"28.38";"28.52";"43271019"
"2018-11-12";"28.38";"28.52";"27.64";"27.75";"50307747"
"2018-11-13";"27.75";"28.14";"27.69";"27.76";"57425647"
"2018-11-14";"27.95";"28.10";"26.78";"27.21";"69224278"
"2018-11-15";"27.14";"27.97";"26.88";"27.90";"66175315"
"2018-11-16";"27.69";"27.89";"27.42";"27.75";"52468346"
"2018-11-19";"27.78";"28.02";"27.54";"27.75";"46000053"
"2018-11-20";"27.42";"27.57";"26.97";"27.38";"92330808"
"2018-11-21";"27.59";"27.76";"27.25";"27.27";"40365027"
"2018-11-23";"27.08";"27.17";"26.88";"26.97";"22974328"
"2018-11-26";"27.18";"27.73";"27.10";"27.56";"53210808"
"2018-11-27";"27.43";"27.90";"27.39";"27.74";"43619115"
"2018-11-28";"27.88";"28.47";"27.56";"28.43";"61389141"
"2018-11-29";"28.18";"28.35";"27.97";"28.04";"46824815"
"2018-11-30";"27.94";"28.63";"27.87";"28.40";"64284675"
"2018-12-03";"28.99";"29.04";"28.36";"28.54";"59905321"
"2018-12-04";"28.32";"28.32";"26.73";"26.99";"103569536"
"2018-12-06";"26.23";"26.32";"25.53";"26.28";"133299674"
"2018-12-07";"26.15";"26.54";"25.30";"25.43";"107477909"
"2018-12-10";"25.18";"25.23";"24.29";"24.76";"110169011"
"2018-12-11";"25.21";"25.40";"24.53";"24.58";"78545317"
"2018-12-12";"24.87";"24.99";"24.37";"24.52";"87193940"
"2018-12-13";"24.66";"24.82";"24.28";"24.40";"64860254"
"2018-12-14";"24.18";"24.87";"24.12";"24.48";"92762795"
"2018-12-17";"24.26";"24.93";"24.16";"24.47";"98604208"
"2018-12-18";"24.67";"25.09";"24.31";"24.47";"89046331"
"2018-12-19";"24.45";"25.24";"24.07";"24.18";"121881251"
"2018-12-20";"23.85";"24.43";"23.76";"24.11";"112594239"
"2018-12-21";"23.91";"24.51";"23.26";"23.37";"160800926"
"2018-12-24";"22.76";"23.21";"22.66";"22.73";"64861364"
"2018-12-26";"22.91";"24.18";"22.69";"24.11";"100877812"
"2018-12-27";"23.78";"24.37";"23.39";"24.37";"91575508"
"2018-12-28";"24.59";"24.75";"24.26";"24.39";"78698197"
"2018-12-31";"24.57";"24.97";"24.37";"24.64";"56257447"
"2019-01-02";"24.08";"25.14";"24.01";"24.96";"71836506"
"2019-01-03";"24.94";"25.04";"24.45";"24.56";"66599737"
"2019-01-04";"25.10";"25.65";"25.03";"25.58";"83829519"
"2019-01-07";"25.56";"25.78";"25.29";"25.56";"57016535"
"2019-01-08";"25.72";"25.79";"25.09";"25.51";"67341780"
"2019-01-09";"25.67";"25.85";"25.39";"25.76";"69712085"
"2019-01-10";"25.56";"25.78";"25.42";"25.73";"65236685"
"2019-01-11";"25.53";"26.04";"25.46";"26.03";"63476164"
"2019-01-14";"25.77";"26.48";"25.61";"26.37";"76715828"
"2019-01-15";"26.21";"26.81";"26.05";"26.55";"80625892"
"2019-01-16";"28.13";"28.72";"27.86";"28.45";"163131900"
"2019-01-17";"28.34";"29.00";"28.09";"28.99";"107431313"
"2019-01-18";"29.02";"29.46";"28.71";"29.30";"97933874"
"2019-01-22";"28.98";"29.30";"28.89";"29.09";"84861716"
"2019-01-23";"29.22";"29.28";"28.62";"28.92";"79426056"
"2019-01-24";"28.75";"29.20";"28.74";"29.08";"59492368"
"2019-01-25";"29.28";"29.72";"29.14";"29.58";"72092879"
"2019-01-28";"29.32";"29.67";"29.29";"29.63";"59964642"
"2019-01-29";"29.54";"29.70";"29.34";"29.39";"51452273"
"2019-01-30";"29.42";"29.47";"28.95";"29.07";"66475908"
"2019-01-31";"28.75";"28.84";"27.98";"28.47";"100201443"
"2019-02-01";"28.60";"28.84";"28.31";"28.38";"64244304"
"2019-02-04";"28.47";"28.97";"28.42";"28.88";"55196239"
"2019-02-05";"28.85";"28.88";"28.57";"28.78";"46622768"
"2019-02-06";"28.67";"28.90";"28.54";"28.73";"35607044"
"2019-02-07";"28.54";"28.64";"27.90";"28.24";"62289576"
"2019-02-08";"28.15";"28.32";"27.86";"28.29";"50031971"
"2019-02-11";"28.34";"28.46";"28.21";"28.41";"47724566"
"2019-02-12";"28.62";"28.86";"28.58";"28.69";"49178468"
"2019-02-13";"28.87";"28.99";"28.66";"28.70";"48957239"
"2019-02-14";"28.36";"28.62";"28.11";"28.39";"47719112"
"2019-02-15";"28.76";"29.31";"28.67";"29.11";"65866983"
"2019-02-19";"28.93";"29.26";"28.75";"29.13";"40841800"
"2019-02-20";"29.10";"29.45";"29.01";"29.41";"42806927"
"2019-02-21";"29.33";"29.45";"29.11";"29.29";"42754738"
"2019-02-22";"29.05";"29.27";"28.96";"29.08";"47889976"
"2019-02-25";"29.12";"29.59";"29.12";"29.27";"61227406"
"2019-02-26";"29.02";"29.63";"28.96";"29.29";"53153567"
"2019-02-27";"29.30";"29.67";"29.21";"29.53";"48129133"
"2019-02-28";"29.50";"29.55";"29.01";"29.08";"61633423"
"2019-03-01";"29.33";"29.65";"29.21";"29.31";"45771593"
"2019-03-04";"29.33";"29.54";"28.77";"29.03";"56897791"
"2019-03-05";"29.02";"29.19";"28.70";"29.08";"39932651"
"2019-03-06";"29.01";"29.16";"28.80";"28.84";"41672525"
"2019-03-07";"28.67";"28.72";"28.26";"28.55";"53908799"
"2019-03-08";"28.06";"28.67";"28.01";"28.65";"40861098"
"2019-03-11";"28.70";"29.06";"28.70";"28.94";"40709426"
"2019-03-12";"29.00";"29.12";"28.89";"28.94";"34450183"
"2019-03-13";"29.05";"29.51";"28.98";"29.29";"54683406"
"2019-03-14";"29.31";"29.64";"29.24";"29.46";"45219589"
"2019-03-15";"29.44";"29.61";"29.26";"29.30";"82362398"
"2019-03-18";"29.38";"29.96";"29.33";"29.82";"58568749"
"2019-03-19";"30.01";"30.14";"29.54";"29.65";"55455306"
"2019-03-20";"29.62";"29.66";"28.60";"28.64";"81690335"
"2019-03-21";"28.45";"28.60";"28.04";"28.18";"77444935"
"2019-03-22";"27.91";"28.07";"26.71";"27.01";"118851732"
"2019-03-25";"26.91";"27.38";"26.61";"26.84";"65358786"
"2019-03-26";"27.15";"27.35";"26.88";"27.21";"59884922"
"2019-03-27";"27.09";"27.37";"26.95";"27.03";"57621792"
"2019-03-28";"27.20";"27.41";"27.02";"27.33";"45872454"
"2019-03-29";"27.55";"27.68";"27.30";"27.59";"83451311"
"2019-04-01";"27.90";"28.74";"27.85";"28.54";"91751189"
"2019-04-02";"28.47";"28.87";"28.35";"28.87";"66694106"
"2019-04-03";"29.07";"29.24";"28.70";"28.84";"62956614"
"2019-04-04";"28.85";"29.31";"28.84";"29.15";"53712245"
"2019-04-05";"29.32";"29.50";"28.98";"29.08";"46383828"
"2019-04-08";"28.89";"29.20";"28.87";"29.17";"35272832"
"2019-04-09";"29.00";"29.07";"28.74";"28.89";"40537282"
"2019-04-10";"28.90";"29.15";"28.75";"29.07";"42669690"
"2019-04-11";"29.25";"29.49";"28.99";"29.07";"50440091"
"2019-04-12";"29.56";"30.22";"29.56";"30.17";"100067098"
"2019-04-15";"30.10";"30.14";"29.66";"29.84";"57360781"
"2019-04-16";"29.30";"30.05";"29.00";"29.88";"105168625"
"2019-04-17";"29.83";"30.12";"29.46";"30.03";"94832185"
"2019-04-18";"29.95";"30.16";"29.82";"30.03";"61796924"
"2019-04-22";"29.93";"30.10";"29.78";"30.05";"34763482"
"2019-04-23";"29.99";"30.21";"29.92";"30.07";"41890308"
"2019-04-24";"29.95";"30.17";"29.85";"30.02";"40078328"
"2019-04-25";"29.91";"30.32";"29.90";"30.08";"43196362"
"2019-04-26";"30.17";"30.39";"30.05";"30.35";"40627709"
"2019-04-29";"30.43";"31.17";"30.41";"30.77";"68408708"
"2019-04-30";"30.80";"30.88";"30.41";"30.58";"47667052"
"2019-05-01";"30.56";"30.89";"30.18";"30.26";"56161130"
"2019-05-02";"30.26";"30.56";"30.15";"30.50";"40634131"
"2019-05-03";"30.66";"30.80";"30.50";"30.71";"35258150"
"2019-05-06";"30.11";"30.61";"30.07";"30.47";"39883343"
"2019-05-07";"30.16";"30.17";"29.63";"29.92";"58530762"
"2019-05-08";"29.73";"30.11";"29.67";"29.80";"39903569"
"2019-05-09";"29.42";"29.78";"29.28";"29.71";"44173570"
"2019-05-10";"29.46";"29.71";"29.19";"29.58";"59650070"
"2019-05-13";"28.96";"29.00";"28.05";"28.25";"72549054"
"2019-05-14";"28.36";"28.99";"28.21";"28.62";"52216092"
"2019-05-15";"28.10";"28.49";"28.01";"28.29";"51974984"
"2019-05-16";"28.46";"28.83";"28.43";"28.59";"42791814"
"2019-05-17";"28.25";"28.64";"28.22";"28.40";"43773638"
"2019-05-20";"28.40";"28.52";"28.24";"28.40";"41731463"
"2019-05-21";"28.57";"28.75";"28.45";"28.69";"39258874"
"2019-05-22";"28.51";"28.63";"28.35";"28.49";"29177830"
"2019-05-23";"28.13";"28.20";"27.50";"27.76";"59773062"
"2019-05-24";"27.93";"28.26";"27.86";"28.18";"35524606"
"2019-05-28";"28.05";"28.25";"27.88";"27.90";"44273479"
"2019-05-29";"27.53";"27.85";"27.38";"27.75";"49819113"
"2019-05-30";"27.77";"27.93";"26.98";"27.16";"58651075"
"2019-05-31";"26.50";"26.87";"26.48";"26.60";"68229157"
"2019-06-03";"26.59";"26.99";"26.40";"26.68";"50110192"
"2019-06-04";"27.18";"27.95";"27.14";"27.92";"58426711"
"2019-06-05";"27.84";"28.01";"27.46";"27.91";"44876949"
"2019-06-06";"27.76";"28.04";"27.54";"27.88";"38633925"
"2019-06-07";"27.75";"27.79";"27.42";"27.53";"51317345"
"2019-06-10";"27.86";"28.47";"27.84";"28.07";"48306041"
"2019-06-11";"28.38";"28.70";"28.14";"28.24";"38691964"
"2019-06-12";"28.20";"28.27";"27.86";"27.95";"33530539"
"2019-06-13";"27.97";"28.16";"27.81";"27.94";"33404256"
"2019-06-14";"27.91";"28.17";"27.78";"28.04";"37323201"
"2019-06-17";"28.01";"28.22";"27.79";"27.93";"33410567"
"2019-06-18";"28.02";"28.80";"27.83";"28.62";"60171160"
"2019-06-19";"28.70";"28.97";"28.30";"28.32";"61953976"
"2019-06-20";"28.59";"28.61";"27.85";"28.27";"60887995"
"2019-06-21";"28.19";"28.55";"28.08";"28.12";"69444399"
"2019-06-24";"28.08";"28.38";"27.89";"27.98";"40046988"
"2019-06-25";"28.02";"28.02";"27.38";"27.76";"46901525"
"2019-06-26";"27.94";"28.18";"27.85";"27.91";"42312405"
"2019-06-27";"28.08";"28.32";"28.06";"28.21";"35576635"
"2019-06-28";"29.01";"29.27";"28.73";"29.00";"101857107"
"2019-07-01";"29.48";"29.85";"29.25";"29.42";"48144180"
"2019-07-02";"29.34";"29.43";"28.93";"29.15";"32271713"
"2019-07-03";"29.19";"29.24";"28.93";"29.05";"26642592"
"2019-07-05";"29.36";"29.57";"29.15";"29.26";"33093031"
"2019-07-08";"29.01";"29.30";"28.94";"29.20";"30924431"
"2019-07-09";"28.97";"29.42";"28.94";"29.35";"28750147"
"2019-07-10";"29.17";"29.40";"28.96";"29.02";"40575043"
"2019-07-11";"29.10";"29.50";"29.03";"29.36";"37377303"
"2019-07-12";"29.44";"29.53";"29.36";"29.45";"29633100"
"2019-07-15";"29.50";"29.53";"29.08";"29.22";"46462258"
"2019-07-16";"29.17";"29.20";"28.86";"28.99";"54920546"
"2019-07-17";"29.10";"29.62";"29.00";"29.19";"84958665"
"2019-07-18";"29.28";"29.58";"29.18";"29.48";"49503770"
"2019-07-19";"29.54";"29.61";"29.38";"29.40";"44863274"
"2019-07-22";"29.29";"29.61";"29.28";"29.57";"31228323"
"2019-07-23";"29.75";"30.28";"29.70";"30.25";"64030448"
"2019-07-24";"30.07";"30.75";"30.04";"30.67";"53172017"
"2019-07-25";"30.74";"30.89";"30.21";"30.34";"43253127"
"2019-07-26";"30.57";"30.99";"30.42";"30.77";"46980504"
"2019-07-29";"30.72";"30.85";"30.49";"30.52";"39177067"
"2019-07-30";"30.21";"30.90";"30.15";"30.89";"37598973"
"2019-07-31";"30.83";"31.06";"30.59";"30.68";"60607842"
"2019-08-01";"30.55";"31.07";"29.36";"29.49";"76913466"
"2019-08-02";"29.36";"29.50";"28.91";"29.38";"57492536"
"2019-08-05";"28.53";"28.64";"27.71";"28.08";"96207969"
"2019-08-06";"28.41";"28.49";"27.69";"28.42";"65115940"
"2019-08-07";"27.61";"27.93";"27.12";"27.89";"75388502"
"2019-08-08";"28.11";"28.49";"28.07";"28.38";"53141957"
"2019-08-09";"28.27";"28.52";"27.97";"28.33";"53500037"
"2019-08-12";"27.83";"27.85";"27.46";"27.64";"55864974"
"2019-08-13";"27.57";"28.25";"27.38";"27.72";"70096336"
"2019-08-14";"26.94";"27.08";"26.28";"26.42";"106592372"
"2019-08-15";"26.58";"26.83";"26.21";"26.25";"70896445"
"2019-08-16";"26.53";"27.12";"26.44";"27.03";"72587619"
"2019-08-19";"27.64";"27.70";"27.14";"27.27";"45090374"
"2019-08-20";"27.02";"27.06";"26.70";"26.72";"48059371"
"2019-08-21";"26.93";"27.08";"26.79";"26.93";"48262677"
"2019-08-22";"27.09";"27.30";"26.96";"27.19";"49771572"
"2019-08-23";"26.95";"27.22";"26.26";"26.47";"82216515"
"2019-08-26";"26.70";"26.80";"26.49";"26.78";"41891221"
"2019-08-27";"26.86";"26.90";"26.28";"26.47";"52916204"
"2019-08-28";"26.22";"27.08";"26.21";"26.85";"46275883"
"2019-08-29";"27.00";"27.45";"26.92";"27.33";"56073281"
"2019-08-30";"27.50";"27.69";"27.35";"27.51";"41712550"
"2019-09-03";"27.21";"27.23";"26.61";"27.05";"51106196"
"2019-09-04";"27.32";"27.58";"27.16";"27.49";"41224908"
"2019-09-05";"27.85";"28.43";"27.80";"28.12";"63849290"
"2019-09-06";"28.02";"28.09";"27.57";"27.73";"56398465"
"2019-09-09";"28.00";"28.85";"27.97";"28.63";"69080804"
"2019-09-10";"28.89";"29.35";"28.81";"29.35";"71602825"
"2019-09-11";"29.37";"29.47";"28.90";"29.46";"54582740"
"2019-09-12";"29.22";"29.80";"28.91";"29.67";"73440757"
"2019-09-13";"30.00";"30.32";"29.87";"30.17";"80735140"
"2019-09-16";"29.68";"30.17";"29.64";"30.13";"44124355"
"2019-09-17";"29.85";"30.02";"29.59";"29.94";"48978868"
"2019-09-18";"29.77";"30.15";"29.55";"30.00";"67170576"
"2019-09-19";"30.00";"30.10";"29.75";"29.82";"44459346"
"2019-09-20";"29.97";"30.13";"29.57";"29.59";"176898646"
"2019-09-23";"29.31";"29.62";"29.17";"29.52";"52711185"
"2019-09-24";"29.60";"29.64";"28.74";"28.94";"65387776"
"2019-09-25";"28.78";"29.41";"28.78";"29.25";"46549795"
"2019-09-26";"29.21";"29.33";"29.05";"29.13";"33559294"
"2019-09-27";"29.41";"29.71";"29.21";"29.35";"41920908"
"2019-09-30";"29.49";"29.52";"29.08";"29.17";"39581840"
"2019-10-01";"29.44";"29.51";"28.41";"28.44";"50234273"
"2019-10-02";"28.20";"28.30";"27.81";"27.84";"53391209"
"2019-10-03";"27.76";"27.88";"27.16";"27.81";"54271411"
"2019-10-04";"27.85";"28.40";"27.84";"28.37";"43181553"
"2019-10-07";"28.33";"28.62";"28.18";"28.31";"37140443"
"2019-10-08";"27.87";"27.92";"27.46";"27.63";"58823620"
"2019-10-09";"27.83";"28.07";"27.75";"27.89";"38063268"
"2019-10-10";"28.04";"28.75";"28.04";"28.45";"49474915"
"2019-10-11";"28.99";"29.34";"28.86";"28.91";"71084897"
"2019-10-14";"28.74";"29.16";"28.73";"29.14";"36720615"
"2019-10-15";"29.34";"30.24";"29.11";"29.73";"79453314"
"2019-10-16";"30.37";"30.72";"30.15";"30.17";"88321806"
"2019-10-17";"30.30";"30.54";"30.00";"30.26";"56154726"
"2019-10-18";"30.13";"30.49";"30.10";"30.35";"52042514"
"2019-10-21";"30.67";"31.15";"30.63";"31.02";"62401401"
"2019-10-22";"30.97";"31.37";"30.75";"31.20";"59437142"
"2019-10-23";"31.13";"31.44";"31.09";"31.42";"48504996"
"2019-10-24";"31.45";"31.52";"31.20";"31.36";"40016012"
"2019-10-25";"31.36";"31.85";"31.34";"31.72";"44060280"
"2019-10-28";"31.97";"32.23";"31.74";"31.84";"59161742"
"2019-10-29";"31.94";"32.14";"31.81";"32.07";"48772440"
"2019-10-30";"32.01";"32.01";"31.53";"31.62";"45671181"
"2019-10-31";"31.41";"31.62";"30.82";"31.27";"49764119"
"2019-11-01";"31.70";"31.84";"31.37";"31.80";"42435640"
"2019-11-04";"32.24";"32.50";"32.10";"32.40";"55457634"
"2019-11-05";"32.51";"33.09";"32.50";"32.82";"69516188"
"2019-11-06";"32.76";"33.06";"32.67";"32.79";"47916432"
"2019-11-07";"33.11";"33.60";"33.01";"33.23";"68934961"
"2019-11-08";"33.07";"33.27";"32.93";"33.26";"39078702"
"2019-11-11";"33.03";"33.25";"32.97";"33.18";"28126947"
"2019-11-12";"33.13";"33.32";"32.99";"33.09";"37531061"
"2019-11-13";"32.72";"32.89";"32.48";"32.79";"49367425"
"2019-11-14";"32.69";"32.86";"32.49";"32.70";"35969038"
"2019-11-15";"32.92";"32.96";"32.70";"32.93";"37742817"
"2019-11-18";"32.86";"33.03";"32.75";"32.96";"31440601"
"2019-11-19";"33.12";"33.15";"32.82";"32.94";"33478178"
"2019-11-20";"32.79";"32.83";"32.42";"32.69";"43972905"
"2019-11-21";"32.78";"33.04";"32.63";"32.84";"43032916"
"2019-11-22";"32.96";"33.32";"32.94";"33.18";"39040516"
"2019-11-25";"33.33";"33.51";"33.26";"33.47";"50647795"
"2019-11-26";"33.38";"33.40";"33.12";"33.35";"50952703"
"2019-11-27";"33.49";"33.60";"33.31";"33.42";"32304435"
"2019-11-29";"33.37";"33.52";"33.24";"33.32";"19744393"
"2019-12-02";"33.45";"33.75";"33.34";"33.43";"47661757"
"2019-12-03";"32.87";"32.90";"32.55";"32.84";"59723978"
"2019-12-04";"33.08";"33.30";"32.85";"33.15";"47128499"
"2019-12-05";"33.16";"33.22";"33.00";"33.09";"38579680"
"2019-12-06";"33.68";"33.80";"33.57";"33.67";"51490332"
"2019-12-09";"33.50";"33.70";"33.44";"33.51";"33388899"
"2019-12-10";"33.40";"33.63";"33.30";"33.53";"42361941"
"2019-12-11";"33.48";"33.76";"33.48";"33.64";"43677889"
"2019-12-12";"33.78";"34.81";"33.68";"34.68";"65330405"
"2019-12-13";"34.69";"34.96";"34.35";"34.44";"48981034"
"2019-12-16";"34.95";"35.09";"34.70";"34.70";"51408732"
"2019-12-17";"34.85";"35.27";"34.74";"35.04";"51190563"
"2019-12-18";"35.11";"35.27";"35.05";"35.11";"48559873"
"2019-12-19";"35.15";"35.23";"34.89";"34.95";"45694834"
"2019-12-20";"35.24";"35.24";"34.91";"34.96";"118077970"
"2019-12-23";"35.04";"35.19";"34.95";"35.17";"34424255"
"2019-12-24";"35.19";"35.28";"35.12";"35.22";"14028339"
"2019-12-26";"35.32";"35.56";"35.29";"35.52";"27173383"
"2019-12-27";"35.70";"35.72";"35.26";"35.35";"28685516"
"2019-12-30";"35.57";"35.65";"35.09";"35.15";"31029752"
"2019-12-31";"35.03";"35.26";"34.97";"35.22";"29860796"
"2020-01-02";"35.35";"35.66";"35.29";"35.64";"37997710"
"2020-01-03";"34.98";"35.15";"34.76";"34.90";"51435630"
"2020-01-06";"34.41";"34.90";"34.37";"34.85";"42866675"
"2020-01-07";"34.70";"34.92";"34.53";"34.62";"34760954"
"2020-01-08";"34.57";"35.19";"34.55";"34.97";"45802621"
"2020-01-09";"35.30";"35.33";"34.94";"35.03";"40283037"
"2020-01-10";"35.00";"35.07";"34.66";"34.74";"34527017"
"2020-01-13";"34.84";"35.07";"34.66";"35.06";"38442815"
"2020-01-14";"35.30";"35.67";"35.11";"35.32";"67427369"
"2020-01-15";"34.77";"34.79";"34.34";"34.67";"75462537"
"2020-01-16";"34.90";"34.99";"34.60";"34.72";"50801943"
"2020-01-17";"34.92";"34.95";"34.60";"34.71";"58023690"
"2020-01-21";"34.42";"34.52";"34.22";"34.26";"51519919"
"2020-01-22";"34.37";"34.45";"34.23";"34.36";"39249474"
"2020-01-23";"34.09";"34.26";"33.73";"34.12";"46136003"
"2020-01-24";"34.12";"34.14";"33.27";"33.54";"48075608"
"2020-01-27";"32.57";"33.13";"32.47";"32.85";"57777811"
"2020-01-28";"33.02";"33.49";"32.95";"33.24";"39203794"
"2020-01-29";"33.33";"33.44";"32.98";"33.01";"37660756"
"2020-01-30";"32.70";"33.52";"32.67";"33.48";"50936057"
"2020-01-31";"33.07";"33.17";"32.65";"32.83";"55127472"
"2020-02-03";"33.00";"33.40";"32.92";"32.97";"48892566"
"2020-02-04";"33.56";"33.90";"33.53";"33.62";"45531426"
"2020-02-05";"34.10";"34.81";"34.07";"34.71";"55139157"
"2020-02-06";"34.94";"35.01";"34.60";"34.67";"40155396"
"2020-02-07";"34.32";"34.66";"34.25";"34.61";"31686258"
"2020-02-10";"34.44";"34.69";"34.38";"34.69";"24694669"
"2020-02-11";"34.85";"35.04";"34.76";"34.77";"32798470"
"2020-02-12";"35.08";"35.45";"34.79";"34.92";"37205899"
"2020-02-13";"34.76";"35.03";"34.55";"34.91";"32055845"
"2020-02-14";"34.88";"34.96";"34.70";"34.85";"26690343"
"2020-02-18";"34.77";"34.83";"34.01";"34.27";"40952479"
"2020-02-19";"34.45";"34.85";"34.41";"34.72";"29998920"
"2020-02-20";"34.46";"35.08";"34.46";"34.85";"43159605"
"2020-02-21";"34.53";"34.64";"34.14";"34.36";"48288068"
"2020-02-24";"33.18";"33.21";"32.52";"32.73";"80684940"
"2020-02-25";"32.69";"32.76";"30.84";"31.08";"92342395"
"2020-02-26";"31.39";"31.60";"30.56";"30.63";"81039930"
"2020-02-27";"29.55";"30.30";"28.91";"29.13";"122753014"
"2020-02-28";"28.00";"28.75";"27.70";"28.50";"172973938"
"2020-03-02";"28.35";"29.38";"27.44";"29.37";"148981475"
"2020-03-03";"29.37";"29.75";"27.62";"27.75";"139742164"
"2020-03-04";"28.25";"28.42";"27.40";"28.39";"112123843"
"2020-03-05";"27.24";"27.35";"26.40";"26.78";"111909869"
"2020-03-06";"25.47";"26.21";"25.10";"25.71";"121039287"
"2020-03-09";"22.23";"23.49";"21.51";"21.93";"147765336"
"2020-03-10";"23.25";"23.68";"21.59";"23.61";"136801360"
"2020-03-11";"22.84";"23.96";"22.26";"22.67";"127962673"
"2020-03-12";"20.59";"22.87";"20.15";"20.51";"142161330"
"2020-03-13";"22.19";"24.25";"21.48";"24.16";"130407797"
"2020-03-16";"19.85";"21.73";"19.58";"20.44";"121688885"
"2020-03-17";"21.06";"22.69";"20.03";"21.98";"121286953"
"2020-03-18";"20.27";"20.97";"19.70";"20.79";"149734601"
"2020-03-19";"20.26";"21.75";"19.00";"21.20";"123741952"
"2020-03-20";"21.76";"21.84";"19.56";"19.67";"157532827"
"2020-03-23";"19.26";"19.67";"17.95";"18.08";"183862150"
"2020-03-24";"19.42";"21.15";"19.01";"21.03";"149326574"
"2020-03-25";"21.71";"22.10";"20.41";"21.10";"148861700"
"2020-03-26";"21.31";"22.95";"21.17";"22.72";"117360893"
"2020-03-27";"21.68";"22.20";"21.10";"21.60";"93422526"
"2020-03-30";"21.65";"22.35";"21.27";"22.04";"81985656"
"2020-03-31";"21.82";"22.49";"20.96";"21.23";"96086180"
"2020-04-01";"19.93";"20.35";"19.51";"19.77";"85599324"
"2020-04-02";"19.65";"20.79";"19.59";"20.57";"70796223"
"2020-04-03";"20.40";"20.74";"19.68";"20.03";"68912315"
"2020-04-06";"21.03";"21.60";"20.81";"21.39";"98212091"
"2020-04-07";"22.80";"22.88";"21.85";"22.14";"96037046"
"2020-04-08";"22.41";"23.60";"22.41";"23.45";"81729098"
"2020-04-09";"24.07";"25.32";"24.05";"24.86";"126587979"
"2020-04-13";"24.78";"24.85";"23.78";"23.92";"84181816"
"2020-04-14";"24.50";"24.65";"23.10";"23.73";"89694426"
"2020-04-15";"22.16";"22.65";"21.91";"22.19";"100682189"
"2020-04-16";"22.15";"22.21";"21.09";"21.42";"89997765"
"2020-04-17";"22.34";"23.40";"22.31";"23.28";"95211364"
"2020-04-20";"22.57";"23.13";"22.18";"22.50";"75387612"
"2020-04-21";"21.90";"22.37";"21.50";"21.64";"79878671"
"2020-04-22";"22.16";"22.23";"21.75";"21.80";"50256946"
"2020-04-23";"21.96";"22.39";"21.85";"21.87";"50847042"
"2020-04-24";"22.11";"22.30";"21.67";"22.18";"48136914"
"2020-04-27";"22.52";"23.65";"22.45";"23.47";"67612050"
"2020-04-28";"24.45";"24.81";"23.85";"23.89";"66508286"
"2020-04-29";"24.91";"25.11";"24.51";"24.78";"73884809"
"2020-04-30";"24.21";"24.38";"23.85";"24.05";"56004215"
"2020-05-01";"23.38";"23.46";"22.81";"23.08";"52285764"
"2020-05-04";"22.70";"22.99";"22.43";"22.93";"46353884"
"2020-05-05";"23.48";"23.52";"22.62";"22.66";"46254156"
"2020-05-06";"23.00";"23.08";"22.23";"22.35";"54347898"
"2020-05-07";"22.66";"23.37";"22.61";"22.84";"52384003"
"2020-05-08";"23.47";"23.62";"23.25";"23.57";"45721144"
"2020-05-11";"23.11";"23.12";"22.56";"22.58";"69657337"
"2020-05-12";"22.71";"22.82";"21.85";"21.87";"70509809"
"2020-05-13";"21.66";"21.75";"20.72";"20.87";"112991155"
"2020-05-14";"20.29";"21.79";"20.10";"21.71";"89404429"
"2020-05-15";"21.40";"21.70";"21.23";"21.44";"65787524"
"2020-05-18";"22.42";"23.06";"22.07";"22.93";"87779025"
"2020-05-19";"22.66";"23.00";"22.19";"22.21";"62854377"
"2020-05-20";"22.68";"23.00";"22.64";"22.91";"60435917"
"2020-05-21";"22.81";"23.27";"22.78";"22.90";"58130737"
"2020-05-22";"22.93";"22.95";"22.46";"22.66";"48495980"
"2020-05-26";"23.75";"24.60";"23.67";"24.28";"121039249"
"2020-05-27";"26.07";"26.17";"24.97";"25.98";"120815671"
"2020-05-28";"26.08";"26.14";"24.79";"24.86";"85742307"
"2020-05-29";"24.42";"24.91";"24.06";"24.12";"114732066"
"2020-06-01";"24.28";"24.87";"24.05";"24.61";"59030107"
"2020-06-02";"24.96";"25.39";"24.56";"24.84";"71667095"
"2020-06-03";"25.50";"26.14";"25.39";"25.99";"87659198"
"2020-06-04";"25.71";"26.83";"25.57";"26.78";"95103278"
"2020-06-05";"28.95";"29.01";"27.88";"28.11";"120899780"
"2020-06-08";"28.59";"28.90";"28.14";"28.54";"80668278"
"2020-06-09";"27.72";"28.54";"27.55";"28.22";"78204491"
"2020-06-10";"27.97";"28.10";"26.51";"26.60";"91087005"
"2020-06-11";"24.98";"25.69";"23.68";"23.93";"151971920"
"2020-06-12";"25.03";"25.05";"24.04";"24.78";"75030451"
"2020-06-15";"23.76";"25.17";"23.69";"25.15";"77570046"
"2020-06-16";"26.18";"26.24";"24.86";"25.80";"97631272"
"2020-06-17";"25.90";"25.90";"24.92";"25.00";"58835711"
"2020-06-18";"24.70";"25.49";"24.58";"25.04";"53782244"
"2020-06-19";"25.44";"25.49";"24.49";"25.25";"132357769"
"2020-06-22";"24.89";"25.03";"24.61";"24.62";"56124929"
"2020-06-23";"25.01";"25.41";"24.76";"24.79";"46274421"
"2020-06-24";"24.54";"24.54";"23.68";"23.81";"76119349"
"2020-06-25";"23.70";"24.77";"23.55";"24.72";"65586868"
"2020-06-26";"24.09";"24.11";"23.02";"23.15";"119238582"
"2020-06-29";"23.41";"23.84";"23.10";"23.39";"66772799"
"2020-06-30";"23.20";"23.91";"23.10";"23.75";"62256931"
"2020-07-01";"24.03";"24.07";"23.23";"23.26";"57967844"
"2020-07-02";"23.84";"23.99";"23.22";"23.29";"56613549"
"2020-07-06";"23.82";"24.08";"23.46";"23.66";"60321341"
"2020-07-07";"23.38";"23.39";"22.90";"23.01";"61134011"
"2020-07-08";"23.03";"23.19";"22.70";"23.10";"53324732"
"2020-07-09";"22.94";"23.16";"22.39";"22.77";"80068313"
"2020-07-10";"22.71";"24.05";"22.68";"24.02";"81697451"
"2020-07-13";"24.37";"24.51";"23.86";"24.19";"74524404"
"2020-07-14";"23.89";"24.15";"23.45";"24.14";"68045963"
"2020-07-15";"24.76";"24.87";"24.28";"24.60";"58053003"
"2020-07-16";"23.75";"24.22";"23.54";"23.93";"78624918"
"2020-07-17";"23.88";"23.98";"23.20";"23.22";"68810102"
"2020-07-20";"23.19";"23.70";"23.11";"23.58";"61948820"
"2020-07-21";"23.71";"24.48";"23.69";"24.42";"76184674"
"2020-07-22";"24.24";"24.33";"23.97";"24.31";"52688279"
"2020-07-23";"24.52";"24.64";"24.11";"24.54";"61814624"
"2020-07-24";"24.56";"24.83";"24.27";"24.35";"50875275"
"2020-07-27";"24.22";"24.27";"23.88";"24.14";"55522526"
"2020-07-28";"24.13";"24.56";"24.08";"24.36";"49002342"
"2020-07-29";"24.36";"25.29";"24.19";"25.27";"72131307"
"2020-07-30";"24.72";"24.95";"24.35";"24.84";"62617071"
"2020-07-31";"24.93";"24.95";"24.46";"24.88";"62719452"
"2020-08-03";"25.03";"25.31";"24.69";"24.99";"59114402"
"2020-08-04";"24.96";"25.06";"24.86";"25.01";"38557894"
"2020-08-05";"25.32";"25.59";"25.25";"25.39";"52375713"
"2020-08-06";"25.45";"25.67";"25.28";"25.47";"52896220"
"2020-08-07";"25.34";"26.19";"25.26";"26.11";"63928034"
"2020-08-10";"26.31";"26.81";"26.21";"26.56";"64741822"
"2020-08-11";"27.28";"27.75";"26.78";"26.92";"82301418"
"2020-08-12";"27.48";"27.57";"26.41";"26.73";"62823994"
"2020-08-13";"26.49";"26.67";"26.14";"26.35";"56539670"
"2020-08-14";"26.06";"26.66";"25.92";"26.47";"51428933"
"2020-08-17";"26.31";"26.41";"25.84";"25.90";"57980117"
"2020-08-18";"25.87";"25.99";"25.46";"25.53";"46357306"
"2020-08-19";"25.66";"26.08";"25.39";"25.50";"60307096"
"2020-08-20";"25.16";"25.33";"25.02";"25.10";"50013960"
"2020-08-21";"24.98";"25.43";"24.90";"24.98";"56894789"
"2020-08-24";"25.22";"25.70";"25.04";"25.69";"55185365"
"2020-08-25";"26.04";"26.19";"25.73";"26.00";"57948738"
"2020-08-26";"25.94";"25.94";"25.54";"25.56";"39976018"
"2020-08-27";"25.49";"26.22";"25.44";"26.05";"53389703"
"2020-08-28";"26.40";"26.47";"25.99";"26.30";"47434027"
"2020-08-31";"26.09";"26.14";"25.69";"25.74";"49966068"
"2020-09-01";"25.58";"25.90";"25.40";"25.71";"46629740"
"2020-09-02";"25.53";"26.16";"25.49";"26.02";"58011132"
"2020-09-03";"26.20";"26.62";"25.46";"25.66";"86951961"
"2020-09-04";"26.26";"26.76";"25.80";"26.54";"100431309"
"2020-09-08";"26.14";"26.32";"25.39";"25.48";"75895648"
"2020-09-09";"25.64";"25.72";"25.23";"25.51";"54366707"
"2020-09-10";"25.70";"25.89";"25.08";"25.14";"57001755"
"2020-09-11";"25.22";"25.58";"25.09";"25.50";"48020289"
"2020-09-14";"25.67";"25.99";"25.54";"25.75";"48149518"
"2020-09-15";"25.77";"25.83";"25.19";"25.28";"64240053"
"2020-09-16";"25.28";"25.91";"25.05";"25.60";"65074708"
"2020-09-17";"25.13";"25.48";"25.10";"25.35";"49681283"
"2020-09-18";"25.15";"25.58";"25.10";"25.21";"99467706"
"2020-09-21";"24.57";"24.78";"24.03";"24.47";"76290496"
"2020-09-22";"24.27";"24.60";"23.81";"23.94";"69285128"
"2020-09-23";"24.10";"24.26";"23.26";"23.26";"59970641"
"2020-09-24";"23.38";"23.82";"22.95";"23.34";"54044712"
"2020-09-25";"23.28";"23.55";"23.13";"23.49";"43105086"
"2020-09-28";"23.88";"24.31";"23.79";"24.09";"48662485"
"2020-09-29";"23.98";"23.99";"23.53";"23.77";"46080615"
"2020-09-30";"23.78";"24.32";"23.77";"24.09";"56616078"
"2020-10-01";"24.27";"24.41";"23.86";"24.10";"45231909"
"2020-10-02";"23.64";"24.43";"23.57";"24.21";"52363684"
"2020-10-05";"24.52";"24.71";"24.38";"24.62";"44834354"
"2020-10-06";"24.92";"25.19";"24.28";"24.37";"67995698"
"2020-10-07";"24.63";"25.11";"24.60";"24.88";"48140996"
"2020-10-08";"24.95";"25.30";"24.81";"25.24";"52541397"
"2020-10-09";"25.34";"25.49";"25.04";"25.36";"45008435"
"2020-10-12";"25.30";"25.83";"25.24";"25.68";"49128324"
"2020-10-13";"25.64";"25.68";"24.84";"24.95";"61835983"
"2020-10-14";"24.35";"24.59";"23.59";"23.62";"128348985"
"2020-10-15";"23.59";"24.20";"23.48";"24.15";"67181629"
"2020-10-16";"24.20";"24.35";"23.94";"24.24";"60404403"
"2020-10-19";"24.30";"24.32";"23.69";"23.72";"51844718"
"2020-10-20";"23.89";"24.48";"23.88";"24.14";"62919146"
"2020-10-21";"24.22";"24.34";"24.01";"24.05";"42086800"
"2020-10-22";"24.05";"24.91";"24.00";"24.87";"55806608"
"2020-10-23";"25.24";"25.26";"24.71";"24.90";"52042558"
"2020-10-26";"24.47";"24.58";"24.15";"24.54";"59962725"
"2020-10-27";"24.29";"24.39";"23.81";"23.85";"55404802"
"2020-10-28";"23.41";"23.66";"23.12";"23.47";"82768207"
"2020-10-29";"23.36";"23.75";"23.12";"23.54";"58067874"
"2020-10-30";"23.49";"23.84";"23.24";"23.70";"66904341"
"2020-11-02";"23.89";"24.26";"23.47";"24.08";"60345286"
"2020-11-03";"24.58";"24.94";"24.51";"24.69";"65630748"
"2020-11-04";"23.89";"24.14";"23.27";"23.68";"89837112"
"2020-11-05";"23.90";"24.79";"23.86";"24.61";"75603234"
"2020-11-06";"24.93";"24.96";"24.23";"24.31";"56129206"
"2020-11-09";"26.60";"28.27";"26.30";"27.76";"181502473"
"2020-11-10";"27.49";"27.76";"27.18";"27.66";"78801812"
"2020-11-11";"27.75";"27.77";"27.12";"27.34";"48836056"
"2020-11-12";"26.84";"26.90";"26.31";"26.69";"68586274"
"2020-11-13";"26.88";"27.21";"26.76";"27.00";"52908341"
"2020-11-16";"27.86";"28.00";"27.18";"27.58";"58444729"
"2020-11-17";"27.25";"27.60";"27.01";"27.55";"46963525"
"2020-11-18";"27.63";"27.93";"26.96";"26.98";"54951622"
"2020-11-19";"26.93";"27.01";"26.65";"26.98";"47016047"
"2020-11-20";"26.74";"26.95";"26.63";"26.81";"41936767"
"2020-11-23";"27.11";"27.52";"27.06";"27.39";"46007109"
"2020-11-24";"27.93";"28.99";"27.92";"28.98";"81123327"
"2020-11-25";"28.71";"29.04";"28.48";"29.03";"57238928"
"2020-11-27";"28.97";"29.10";"28.81";"28.99";"25771555"
"2020-11-30";"28.72";"28.86";"28.10";"28.16";"64270966"
"2020-12-01";"28.74";"29.04";"28.67";"28.69";"50792378"
"2020-12-02";"28.69";"29.18";"28.53";"29.06";"45684784"
"2020-12-03";"28.94";"29.10";"28.63";"28.91";"54445750"
"2020-12-04";"29.20";"29.43";"29.00";"29.29";"66674287"
"2020-12-07";"28.90";"29.15";"28.69";"29.09";"43070983"
"2020-12-08";"28.86";"29.15";"28.77";"28.93";"34360561"
"2020-12-09";"29.25";"29.25";"28.75";"28.80";"55449503"
"2020-12-10";"28.63";"29.13";"28.47";"29.11";"59405759"
"2020-12-11";"28.68";"28.75";"28.30";"28.57";"41060805"
"2020-12-14";"28.92";"28.96";"28.14";"28.22";"40718602"
"2020-12-15";"28.35";"28.82";"28.25";"28.64";"44052776"
"2020-12-16";"28.80";"28.82";"28.44";"28.72";"42849058"
"2020-12-17";"28.71";"28.92";"28.53";"28.83";"43679171"
"2020-12-18";"28.89";"29.10";"28.57";"28.67";"88721985"
"2020-12-21";"29.10";"29.99";"28.73";"29.74";"94482644"
"2020-12-22";"29.78";"29.78";"29.17";"29.21";"39770946"
"2020-12-23";"29.39";"30.35";"29.33";"30.05";"52919067"
"2020-12-24";"30.27";"30.27";"29.74";"29.96";"23456340"
"2020-12-28";"30.23";"30.55";"29.99";"30.13";"33326602"
"2020-12-29";"30.17";"30.25";"29.93";"30.01";"33635381"
"2020-12-30";"30.00";"30.22";"29.94";"29.98";"26594868"
"2020-12-31";"30.01";"30.39";"29.90";"30.31";"28923868"
"2021-01-04";"30.46";"30.57";"29.75";"30.03";"52263489"
"2021-01-05";"30.17";"30.54";"29.91";"30.26";"49082035"
"2021-01-06";"31.90";"32.62";"31.36";"32.15";"108548706"
"2021-01-07";"33.31";"33.62";"32.84";"32.86";"75821552"
"2021-01-08";"32.92";"33.00";"32.11";"32.53";"45301041"
"2021-01-11";"32.09";"33.13";"31.90";"33.07";"52629040"
"2021-01-12";"33.42";"33.97";"33.20";"33.66";"68619353"
"2021-01-13";"33.43";"33.68";"33.09";"33.46";"44031076"
"2021-01-14";"33.48";"34.37";"33.42";"33.99";"49186068"
"2021-01-15";"33.29";"33.63";"32.70";"33.01";"60811299"
"2021-01-19";"32.50";"33.60";"32.20";"32.77";"79167055"
"2021-01-20";"32.76";"32.79";"32.16";"32.34";"54585455"
"2021-01-21";"32.34";"32.48";"31.73";"31.77";"50367946"
"2021-01-22";"31.36";"31.75";"31.25";"31.55";"46007117"
"2021-01-25";"31.27";"31.30";"30.57";"31.16";"48718607"
"2021-01-26";"31.40";"31.43";"30.91";"30.94";"36971581"
"2021-01-27";"30.31";"30.43";"29.67";"29.83";"64619566"
"2021-01-28";"30.42";"30.75";"29.92";"30.32";"51902423"
"2021-01-29";"30.40";"30.50";"29.59";"29.65";"64587613"
"2021-02-01";"29.87";"30.04";"29.57";"29.96";"41614240"
"2021-02-02";"30.58";"31.20";"30.54";"31.03";"54192896"
"2021-02-03";"30.91";"31.73";"30.88";"31.58";"49910190"
"2021-02-04";"31.80";"32.53";"31.78";"32.50";"52141371"
"2021-02-05";"32.89";"32.91";"32.32";"32.37";"42800188"
"2021-02-08";"32.43";"33.28";"32.40";"33.09";"46816082"
"2021-02-09";"32.97";"33.02";"32.59";"32.95";"36306340"
"2021-02-10";"33.12";"33.42";"32.86";"32.98";"45551551"
"2021-02-11";"32.97";"33.31";"32.55";"32.88";"29860714"
"2021-02-12";"33.00";"33.45";"32.91";"33.37";"37856875"
"2021-02-16";"33.98";"34.56";"33.70";"34.27";"54112463"
"2021-02-17";"34.04";"34.56";"33.79";"34.41";"47167497"
"2021-02-18";"34.06";"34.65";"34.02";"34.19";"38264642"
"2021-02-19";"34.20";"34.73";"34.18";"34.54";"57149193"
"2021-02-22";"34.45";"35.25";"34.41";"35.15";"57776036"
"2021-02-23";"35.42";"35.89";"35.14";"35.52";"68774914"
"2021-02-24";"35.74";"36.52";"35.60";"36.38";"58753950"
"2021-02-25";"36.96";"37.03";"35.76";"35.93";"75808690"
"2021-02-26";"35.73";"36.04";"34.68";"34.71";"71805124"
"2021-03-01";"35.52";"36.05";"35.24";"35.79";"46699887"
"2021-03-02";"35.65";"35.94";"35.50";"35.53";"41787354"
"2021-03-03";"35.97";"36.97";"35.84";"36.42";"66722628"
"2021-03-04";"36.14";"36.87";"35.92";"36.50";"97036603"
"2021-03-05";"37.03";"37.60";"36.17";"36.93";"75521366"
"2021-03-08";"37.38";"37.73";"36.82";"37.13";"66095434"
"2021-03-09";"36.55";"37.16";"35.81";"36.32";"65032902"
"2021-03-10";"36.54";"37.53";"36.37";"37.37";"53992739"
"2021-03-11";"37.27";"37.79";"36.85";"37.24";"46462838"
"2021-03-12";"37.92";"38.18";"37.58";"37.94";"46640340"
"2021-03-15";"38.03";"38.07";"37.22";"37.75";"50741745"
"2021-03-16";"37.42";"37.72";"36.97";"37.64";"50699788"
"2021-03-17";"38.00";"38.36";"37.33";"37.95";"64256233"
"2021-03-18";"38.51";"39.97";"38.43";"38.94";"96204612"
"2021-03-19";"38.29";"38.92";"37.53";"38.53";"111196595"
"2021-03-22";"38.08";"38.38";"37.40";"37.66";"55447779"
"2021-03-23";"37.36";"37.82";"36.78";"36.90";"50352774"
"2021-03-24";"37.21";"37.79";"36.89";"36.90";"44441393"
"2021-03-25";"36.87";"37.75";"36.63";"37.66";"47918971"
"2021-03-26";"38.35";"38.76";"38.08";"38.68";"68139681"
"2021-03-29";"38.05";"38.63";"37.86";"38.31";"46217794"
"2021-03-30";"38.63";"39.46";"38.63";"38.99";"57293047"
"2021-03-31";"38.62";"38.99";"38.46";"38.69";"49964235"
"2021-04-01";"38.83";"39.52";"38.72";"39.49";"66304291"
"2021-04-05";"40.00";"40.28";"39.60";"39.80";"51085513"
"2021-04-06";"39.53";"40.15";"39.46";"39.69";"43131923"
"2021-04-07";"39.77";"40.15";"39.59";"40.05";"43448727"
"2021-04-08";"39.80";"39.85";"39.22";"39.70";"45958732"
"2021-04-09";"39.91";"40.18";"39.51";"39.99";"46348123"
"2021-04-12";"39.99";"40.38";"39.85";"40.06";"46160115"
"2021-04-13";"39.81";"39.82";"39.20";"39.32";"47389659"
"2021-04-14";"38.98";"40.33";"38.92";"39.88";"52579823"
"2021-04-15";"39.73";"39.84";"38.05";"38.74";"118931186"
"2021-04-16";"39.31";"39.42";"38.91";"39.15";"62928952"
"2021-04-19";"39.39";"39.43";"39.04";"39.17";"42843812"
"2021-04-20";"39.00";"39.00";"37.89";"38.08";"51371442"
"2021-04-21";"37.75";"38.78";"37.41";"38.72";"38382631"
"2021-04-22";"38.75";"38.77";"38.17";"38.36";"48466067"
"2021-04-23";"38.32";"39.34";"38.22";"39.18";"49078322"
"2021-04-26";"39.35";"39.85";"39.29";"39.41";"35283218"
"2021-04-27";"39.67";"39.92";"39.51";"39.88";"34749298"
"2021-04-28";"39.93";"40.22";"39.88";"40.03";"34516223"
"2021-04-29";"40.55";"41.13";"40.46";"41.11";"44749820"
"2021-04-30";"40.84";"40.90";"40.47";"40.53";"39777099"
"2021-05-03";"40.87";"41.05";"40.42";"40.56";"42372290"
"2021-05-04";"40.24";"41.08";"39.78";"41.00";"54325295"
"2021-05-05";"41.20";"41.56";"40.76";"41.39";"37890991"
"2021-05-06";"41.48";"42.06";"41.24";"42.01";"38959391"
"2021-05-07";"41.13";"42.25";"41.11";"42.18";"40133199"
"2021-05-10";"42.50";"42.94";"42.03";"42.05";"41734854"
"2021-05-11";"41.55";"42.34";"41.34";"41.57";"43605181"
"2021-05-12";"42.38";"42.56";"41.04";"41.18";"48267131"
"2021-05-13";"40.86";"42.09";"40.78";"41.84";"42459874"
"2021-05-14";"42.06";"42.48";"41.92";"42.36";"31387424"
"2021-05-17";"42.24";"42.85";"42.16";"42.74";"33140948"
"2021-05-18";"42.70";"42.95";"42.14";"42.16";"38255850"
"2021-05-19";"41.65";"42.00";"41.31";"41.97";"43211620"
"2021-05-20";"41.90";"42.13";"41.46";"41.87";"37251043"
"2021-05-21";"42.02";"42.60";"41.89";"42.40";"41186276"
"2021-05-24";"42.58";"42.78";"42.25";"42.63";"30657521"
"2021-05-25";"42.69";"43.26";"41.93";"42.01";"52899320"
"2021-05-26";"42.02";"42.25";"41.66";"42.04";"41847193"
"2021-05-27";"42.48";"42.85";"42.12";"42.55";"53452751"
"2021-05-28";"42.66";"42.71";"42.05";"42.39";"38809248"
"2021-06-01";"42.95";"43.28";"42.77";"42.92";"43659056"
"2021-06-02";"43.10";"43.17";"42.60";"42.94";"34555597"
"2021-06-03";"42.77";"43.49";"42.68";"43.25";"47075665"
"2021-06-04";"43.24";"43.39";"42.83";"43.27";"37537109"
"2021-06-07";"43.27";"43.39";"43.06";"43.12";"28763213"
"2021-06-08";"42.86";"43.24";"42.43";"42.88";"42250479"
"2021-06-09";"42.47";"42.73";"42.11";"42.32";"42714637"
"2021-06-10";"42.76";"42.96";"41.62";"41.69";"40652967"
"2021-06-11";"41.81";"41.89";"41.51";"41.86";"31634971"
"2021-06-14";"41.85";"41.91";"41.06";"41.36";"36323818"
"2021-06-15";"41.28";"41.56";"40.90";"41.39";"39890996"
"2021-06-16";"41.28";"41.99";"40.67";"41.62";"64080944"
"2021-06-17";"42.02";"42.10";"39.72";"39.80";"81313327"
"2021-06-18";"39.01";"39.30";"38.49";"38.78";"108925673"
"2021-06-21";"39.12";"39.78";"39.03";"39.75";"48684877"
"2021-06-22";"39.88";"40.26";"39.28";"39.97";"44579493"
"2021-06-23";"40.16";"40.42";"40.07";"40.20";"32614067"
"2021-06-24";"40.44";"41.01";"40.18";"40.83";"37591860"
"2021-06-25";"41.27";"41.83";"40.84";"41.62";"54267058"
"2021-06-28";"41.46";"41.58";"41.10";"41.56";"34989241"
"2021-06-29";"41.63";"41.95";"40.75";"40.89";"38906318"
"2021-06-30";"40.76";"41.36";"40.72";"41.23";"29400263"
"2021-07-01";"41.56";"41.70";"41.21";"41.54";"28426644"
"2021-07-02";"41.37";"41.47";"41.10";"41.15";"29229025"
"2021-07-06";"40.81";"40.88";"39.87";"40.07";"47940459"
"2021-07-07";"39.57";"40.00";"39.36";"39.75";"44336537"
"2021-07-08";"38.62";"39.24";"38.48";"38.78";"53749986"
"2021-07-09";"39.65";"40.24";"39.40";"40.04";"44514642"
"2021-07-12";"39.79";"40.81";"39.64";"40.63";"43189645"
"2021-07-13";"40.48";"40.48";"39.58";"39.86";"54721268"
"2021-07-14";"39.11";"39.55";"37.79";"38.86";"106250798"
"2021-07-15";"38.39";"39.33";"38.32";"38.83";"55021438"
"2021-07-16";"39.22";"39.29";"37.59";"37.92";"61308676"
"2021-07-19";"36.75";"37.25";"36.51";"36.93";"83803827"
"2021-07-20";"36.86";"38.12";"36.61";"37.69";"59780656"
"2021-07-21";"38.05";"38.77";"37.98";"38.46";"50401077"
"2021-07-22";"38.36";"38.40";"37.68";"37.96";"53039400"
"2021-07-23";"38.20";"38.27";"37.56";"37.70";"49136584"
"2021-07-26";"37.66";"38.24";"37.66";"38.13";"32714261"
"2021-07-27";"37.72";"38.24";"37.46";"37.98";"39486573"
"2021-07-28";"38.19";"38.50";"37.75";"38.13";"43726276"
"2021-07-29";"38.55";"38.98";"38.37";"38.68";"43001591"
"2021-07-30";"38.51";"38.83";"38.05";"38.36";"46210135"
"2021-08-02";"38.40";"38.95";"37.91";"37.96";"49894048"
"2021-08-03";"38.06";"38.63";"37.55";"38.55";"39680560"
"2021-08-04";"38.03";"38.77";"37.86";"38.27";"42289825"
"2021-08-05";"38.57";"39.06";"38.55";"39.02";"34727523"
"2021-08-06";"39.47";"40.41";"39.47";"40.15";"58008277"
"2021-08-09";"40.05";"40.96";"39.80";"40.67";"56340112"
"2021-08-10";"40.71";"41.62";"40.58";"41.43";"44987250"
"2021-08-11";"41.60";"42.19";"41.48";"41.95";"58458232"
"2021-08-12";"42.23";"42.29";"41.77";"42.15";"37412913"
"2021-08-13";"42.09";"42.23";"41.43";"41.63";"41344939"
"2021-08-16";"41.16";"41.30";"40.61";"41.29";"38607213"
"2021-08-17";"41.05";"41.57";"40.62";"41.09";"43526919"
"2021-08-18";"40.77";"41.53";"40.66";"40.79";"50342507"
"2021-08-19";"40.12";"40.67";"40.01";"40.19";"51883938"
"2021-08-20";"40.09";"40.47";"39.91";"40.37";"39914979"
"2021-08-23";"40.63";"41.10";"40.60";"40.91";"35364530"
"2021-08-24";"41.10";"41.68";"41.04";"41.48";"35579304"
"2021-08-25";"41.66";"42.45";"41.54";"42.15";"50919944"
"2021-08-26";"42.50";"42.84";"42.02";"42.04";"41184514"
"2021-08-27";"42.12";"42.65";"41.94";"42.49";"46468554"
"2021-08-30";"42.63";"42.63";"41.63";"41.66";"44855624"
"2021-08-31";"41.67";"42.07";"41.36";"41.75";"54654600"
"2021-09-01";"41.75";"41.78";"41.03";"41.19";"52361936"
"2021-09-02";"41.11";"41.49";"40.64";"41.02";"44262366"
"2021-09-03";"41.02";"41.19";"40.68";"41.05";"41818455"
"2021-09-07";"41.25";"41.85";"41.18";"41.32";"44172048"
"2021-09-08";"41.08";"41.49";"40.68";"40.78";"36044284"
"2021-09-09";"40.66";"41.35";"40.56";"40.93";"36166417"
"2021-09-10";"41.22";"41.35";"40.24";"40.27";"40514694"
"2021-09-13";"40.60";"40.96";"40.35";"40.94";"42374937"
"2021-09-14";"41.13";"41.31";"39.66";"39.84";"54164713"
"2021-09-15";"39.73";"40.34";"39.67";"40.14";"52855729"
"2021-09-16";"40.48";"40.81";"40.20";"40.45";"42851448"
"2021-09-17";"40.34";"40.67";"40.08";"40.50";"92752611"
"2021-09-20";"39.38";"39.46";"38.36";"39.11";"67566156"
"2021-09-21";"39.27";"39.60";"38.94";"39.13";"38271079"
"2021-09-22";"39.75";"40.52";"39.75";"40.14";"46261392"
"2021-09-23";"40.76";"41.88";"40.65";"41.69";"49779810"
"2021-09-24";"41.72";"42.34";"41.65";"42.14";"39042262"
"2021-09-27";"42.68";"43.43";"42.64";"43.26";"49755388"
"2021-09-28";"43.43";"44.04";"43.06";"43.16";"60781198"
"2021-09-29";"43.18";"43.32";"42.74";"43.07";"43790237"
"2021-09-30";"43.35";"43.35";"42.23";"42.45";"47736096"
"2021-10-01";"42.48";"43.43";"42.39";"43.08";"40987055"
"2021-10-04";"43.11";"44.07";"43.07";"43.34";"48273432"
"2021-10-05";"43.77";"44.75";"43.67";"44.22";"54070663"
"2021-10-06";"43.85";"44.29";"43.55";"44.24";"47031650"
"2021-10-07";"44.79";"44.87";"44.03";"44.12";"46258843"
"2021-10-08";"44.07";"44.81";"43.92";"44.34";"39663391"
"2021-10-11";"44.60";"44.81";"43.75";"43.78";"36283507"
"2021-10-12";"43.67";"44.00";"43.27";"43.54";"36811283"
"2021-10-13";"43.55";"43.64";"42.33";"43.14";"43907977"
"2021-10-14";"44.37";"45.10";"43.48";"45.07";"82201013"
"2021-10-15";"45.77";"46.67";"45.36";"46.37";"64264903"
"2021-10-18";"46.29";"46.89";"46.03";"46.28";"49542470"
"2021-10-19";"46.50";"46.63";"46.20";"46.48";"32515486"
"2021-10-20";"46.49";"47.24";"46.05";"47.09";"39910993"
"2021-10-21";"47.10";"47.48";"46.61";"46.83";"36848582"
"2021-10-22";"46.99";"47.62";"46.99";"47.57";"36225595"
"2021-10-25";"47.80";"47.98";"47.20";"47.51";"31679516"
"2021-10-26";"47.66";"48.43";"47.44";"47.96";"35674753"
"2021-10-27";"47.48";"48.17";"47.03";"47.04";"45790789"
"2021-10-28";"47.59";"48.00";"47.30";"47.78";"37209574"
"2021-10-29";"47.75";"48.13";"47.52";"47.78";"31231195"
"2021-11-01";"48.10";"48.17";"47.28";"47.85";"36937170"
"2021-11-02";"47.57";"48.42";"47.35";"47.88";"36283363"
"2021-11-03";"47.80";"48.69";"47.61";"48.37";"42552970"
"2021-11-04";"48.15";"48.15";"46.88";"47.33";"47646283"
"2021-11-05";"47.60";"47.82";"46.82";"46.97";"38271179"
"2021-11-08";"47.35";"47.80";"47.25";"47.34";"33806957"
"2021-11-09";"46.65";"47.36";"46.41";"46.88";"36900258"
"2021-11-10";"46.75";"47.52";"46.65";"47.23";"39385520"
"2021-11-11";"47.31";"47.89";"47.01";"47.49";"31194769"
"2021-11-12";"47.51";"47.53";"46.76";"46.91";"44268506"
"2021-11-15";"47.26";"47.39";"46.90";"47.05";"35335506"
"2021-11-16";"47.18";"47.28";"46.69";"47.08";"35120791"
"2021-11-17";"47.08";"47.20";"46.45";"46.51";"32963713"
"2021-11-18";"46.71";"46.81";"46.21";"46.32";"30644334"
"2021-11-19";"45.70";"45.77";"44.83";"45.40";"48429479"
"2021-11-22";"46.72";"46.87";"45.91";"46.28";"53686326"
"2021-11-23";"46.87";"47.65";"46.67";"47.50";"49362882"
"2021-11-24";"47.42";"47.98";"47.21";"47.63";"40059953"
"2021-11-26";"45.52";"46.04";"44.75";"45.76";"55110129"
"2021-11-29";"46.42";"46.70";"45.17";"45.59";"50231117"
"2021-11-30";"44.76";"45.22";"44.36";"44.47";"77193560"
"2021-12-01";"45.22";"45.70";"43.81";"43.84";"60636844"
"2021-12-02";"44.33";"45.50";"44.00";"44.89";"57821426"
"2021-12-03";"45.00";"45.07";"43.60";"43.87";"74016310"
"2021-12-06";"44.56";"44.88";"43.96";"44.15";"48135463"
"2021-12-07";"44.56";"44.91";"44.43";"44.71";"40443050"
"2021-12-08";"44.68";"44.80";"44.09";"44.16";"50560328"
"2021-12-09";"43.91";"44.73";"43.65";"44.49";"37316660"
"2021-12-10";"44.71";"44.83";"44.07";"44.52";"37700187"
"2021-12-13";"44.27";"44.40";"43.39";"43.58";"38653895"
"2021-12-14";"43.59";"44.82";"43.53";"44.13";"47099409"
"2021-12-15";"44.37";"44.45";"43.62";"43.94";"60057119"
"2021-12-16";"44.70";"45.36";"44.09";"45.00";"69487169"
"2021-12-17";"44.50";"44.70";"43.62";"43.88";"124712235"
"2021-12-20";"43.27";"43.36";"42.70";"43.16";"56455215"
"2021-12-21";"43.54";"44.48";"43.54";"44.19";"47845606"
"2021-12-22";"44.08";"44.58";"43.88";"44.28";"35715710"
"2021-12-23";"44.68";"45.07";"44.40";"44.42";"34053478"
"2021-12-27";"44.55";"44.82";"44.31";"44.64";"33888223"
"2021-12-28";"44.47";"45.08";"44.42";"44.70";"32499238"
"2021-12-29";"44.85";"45.12";"44.60";"44.63";"25294895"
"2021-12-30";"44.75";"45.10";"44.48";"44.53";"23852174"
"2021-12-31";"44.52";"44.72";"44.28";"44.49";"24253944"
"2022-01-03";"45.09";"46.49";"44.98";"46.18";"58630072"
"2022-01-04";"47.06";"48.43";"47.04";"47.99";"74606669"
"2022-01-05";"48.14";"48.37";"47.16";"47.18";"57791631"
"2022-01-06";"47.98";"48.16";"47.19";"48.13";"52040851"
"2022-01-07";"48.15";"49.31";"48.06";"49.18";"59082564"
"2022-01-10";"49.91";"50.08";"48.34";"48.93";"66839466"
"2022-01-11";"48.99";"49.25";"48.64";"49.21";"40454357"
"2022-01-12";"49.17";"49.38";"48.68";"48.86";"41377986"
"2022-01-13";"48.92";"49.49";"48.63";"48.76";"46337483"
"2022-01-14";"47.52";"48.23";"47.19";"47.91";"72953324"
"2022-01-18";"47.85";"47.92";"46.05";"46.26";"65884320"
"2022-01-19";"48.39";"48.58";"46.35";"46.44";"84403492"
"2022-01-20";"46.69";"47.05";"45.66";"45.75";"46265258"
"2022-01-21";"45.57";"46.02";"44.66";"44.92";"71303560"
"2022-01-24";"43.90";"44.69";"42.59";"44.55";"90780632"
"2022-01-25";"44.29";"45.57";"43.83";"45.43";"73555340"
"2022-01-26";"45.78";"46.46";"45.26";"45.90";"63735815"
"2022-01-27";"46.37";"46.75";"45.09";"45.47";"63402378"
"2022-01-28";"45.33";"45.89";"44.45";"45.87";"51048296"
"2022-01-31";"45.52";"46.27";"45.22";"46.14";"44793662"
"2022-02-01";"46.21";"47.10";"45.90";"46.94";"40326643"
"2022-02-02";"46.72";"46.96";"46.30";"46.89";"41125582"
"2022-02-03";"47.22";"47.29";"46.35";"46.43";"35879926"
"2022-02-04";"47.08";"48.69";"46.68";"48.28";"60297055"
"2022-02-07";"48.56";"48.76";"47.99";"48.51";"44824807"
"2022-02-08";"49.15";"50.02";"48.94";"49.38";"49560540"
"2022-02-09";"49.22";"49.79";"49.03";"49.28";"33861086"
"2022-02-10";"49.68";"50.11";"48.76";"49.05";"47082839"
"2022-02-11";"48.63";"49.44";"47.50";"47.92";"61056045"
"2022-02-14";"48.02";"48.19";"46.94";"47.42";"44791948"
"2022-02-15";"48.00";"48.37";"47.57";"47.79";"42402239"
"2022-02-16";"47.44";"48.24";"47.31";"47.68";"36664598"
"2022-02-17";"47.00";"47.29";"45.95";"46.07";"49442407"
"2022-02-18";"46.07";"46.54";"45.72";"45.96";"37853127"
"2022-02-22";"45.17";"45.98";"45.04";"45.56";"51887575"
"2022-02-23";"45.95";"46.11";"44.57";"44.78";"45704865"
"2022-02-24";"43.00";"43.68";"42.05";"43.60";"80484789"
"2022-02-25";"43.81";"45.35";"43.63";"45.02";"68530688"
"2022-02-28";"43.72";"44.26";"43.44";"44.20";"69955301"
"2022-03-01";"43.71";"43.74";"41.93";"42.47";"74674394"
"2022-03-02";"42.74";"43.54";"42.62";"43.16";"70787434"
"2022-03-03";"43.09";"43.50";"42.21";"42.49";"48733788"
"2022-03-04";"41.43";"41.44";"40.32";"40.95";"75516021"
"2022-03-07";"39.93";"40.11";"38.21";"38.34";"109778958"
"2022-03-08";"39.07";"39.66";"38.17";"38.59";"76553809"
"2022-03-09";"40.31";"41.61";"40.16";"41.04";"78207910"
"2022-03-10";"40.29";"41.48";"40.11";"40.67";"48804380"
"2022-03-11";"41.04";"41.38";"40.29";"40.33";"43946613"
"2022-03-14";"40.90";"42.18";"40.90";"41.20";"54262362"
"2022-03-15";"41.26";"41.78";"40.87";"41.50";"41395327"
"2022-03-16";"42.24";"43.05";"41.92";"42.80";"59457378"
"2022-03-17";"42.41";"43.04";"41.83";"43.03";"50260244"
"2022-03-18";"42.76";"42.93";"42.26";"42.90";"74470561"
"2022-03-21";"43.35";"43.43";"42.51";"42.84";"47106351"
"2022-03-22";"43.82";"44.63";"43.70";"44.18";"52288577"
"2022-03-23";"43.72";"44.01";"43.03";"43.09";"48435323"
"2022-03-24";"43.38";"43.43";"42.89";"43.07";"30360801"
"2022-03-25";"43.48";"44.26";"43.33";"43.73";"38968128"
"2022-03-28";"43.71";"43.75";"42.83";"43.55";"37428599"
"2022-03-29";"44.25";"44.39";"43.11";"43.44";"46355825"
"2022-03-30";"43.44";"43.65";"42.75";"43.00";"36601763"
"2022-03-31";"42.84";"42.89";"41.20";"41.22";"67902492"
"2022-04-01";"41.69";"41.74";"40.35";"40.90";"61929179"
"2022-04-04";"40.48";"41.14";"40.16";"40.83";"53789438"
"2022-04-05";"40.44";"40.76";"40.04";"40.14";"51781682"
"2022-04-06";"39.74";"40.01";"39.35";"39.70";"54159784"
"2022-04-07";"39.89";"39.98";"38.85";"39.39";"54491296"
"2022-04-08";"39.49";"40.10";"39.32";"39.67";"40994857"
"2022-04-11";"39.48";"40.40";"39.39";"39.59";"34198718"
"2022-04-12";"39.57";"40.08";"38.85";"39.17";"42855311"
"2022-04-13";"38.50";"39.01";"38.36";"38.82";"45439430"
"2022-04-14";"38.49";"38.97";"37.42";"37.57";"79032031"
"2022-04-18";"37.42";"39.31";"37.22";"38.85";"80080290"
"2022-04-19";"39.21";"39.88";"39.11";"39.57";"53714213"
"2022-04-20";"40.15";"40.37";"39.61";"39.66";"47047225"
"2022-04-21";"40.00";"40.21";"38.62";"38.91";"46245947"
"2022-04-22";"38.81";"38.85";"37.50";"37.56";"50409832"
"2022-04-25";"36.89";"37.40";"35.93";"37.29";"64301121"
"2022-04-26";"36.88";"37.54";"36.42";"36.45";"44794898"
"2022-04-27";"36.27";"36.91";"36.18";"36.25";"39824871"
"2022-04-28";"36.73";"36.95";"36.16";"36.81";"39567841"
"2022-04-29";"36.75";"37.13";"35.54";"35.68";"47420201"
"2022-05-02";"36.03";"36.28";"35.40";"36.14";"46652228"
"2022-05-03";"36.34";"37.63";"36.33";"37.13";"48926008"
"2022-05-04";"37.37";"38.75";"37.29";"38.62";"57860341"
"2022-05-05";"38.05";"38.21";"36.87";"37.54";"48860647"
"2022-05-06";"37.37";"37.62";"36.61";"37.45";"50338830"
"2022-05-09";"36.87";"37.06";"36.06";"36.37";"51241970"
"2022-05-10";"36.75";"37.13";"35.18";"35.76";"60235259"
"2022-05-11";"35.90";"36.92";"35.51";"35.57";"54969264"
"2022-05-12";"35.01";"35.43";"34.26";"35.07";"61231467"
"2022-05-13";"35.53";"35.73";"34.76";"35.17";"49117857"
"2022-05-16";"35.00";"35.17";"34.41";"34.81";"39048765"
"2022-05-17";"35.62";"36.22";"35.43";"35.99";"42635615"
"2022-05-18";"35.62";"35.69";"34.61";"34.88";"47396915"
"2022-05-19";"34.29";"34.84";"34.25";"34.45";"47002714"
"2022-05-20";"34.80";"34.98";"32.96";"33.86";"62406548"
"2022-05-23";"34.76";"36.26";"34.66";"35.87";"69081852"
"2022-05-24";"35.47";"35.96";"34.96";"35.65";"46146669"
"2022-05-25";"35.50";"36.27";"35.29";"35.84";"49343427"
"2022-05-26";"36.50";"36.84";"36.34";"36.67";"60051240"
"2022-05-27";"36.89";"37.05";"36.58";"37.02";"43371825"
"2022-05-31";"36.82";"37.53";"36.61";"37.20";"71609155"
"2022-06-01";"37.46";"37.47";"36.17";"36.67";"35237941"
"2022-06-02";"36.41";"36.71";"36.07";"36.70";"35341881"
"2022-06-03";"36.48";"36.68";"36.13";"36.19";"25235197"
"2022-06-06";"36.70";"37.21";"36.10";"36.15";"40367548"
"2022-06-07";"35.90";"36.41";"35.74";"36.35";"29152216"
"2022-06-08";"35.92";"36.11";"35.52";"35.89";"33590631"
"2022-06-09";"35.74";"35.84";"34.50";"34.51";"49464073"
"2022-06-10";"33.68";"34.04";"33.02";"33.17";"49346170"
"2022-06-13";"32.39";"32.77";"31.74";"32.02";"61022775"
"2022-06-14";"31.92";"32.60";"31.23";"31.46";"49162254"
"2022-06-15";"31.98";"32.49";"31.42";"32.05";"51540135"
"2022-06-16";"31.50";"32.00";"30.86";"31.85";"61363408"
"2022-06-17";"32.03";"32.58";"31.64";"31.92";"80470252"
"2022-06-21";"32.89";"33.29";"32.62";"32.85";"53537219"
"2022-06-22";"32.39";"32.94";"32.32";"32.60";"38335789"
"2022-06-23";"32.38";"32.41";"31.26";"32.08";"44091460"
"2022-06-24";"31.25";"32.77";"31.23";"32.31";"79500192"
"2022-06-27";"32.42";"32.60";"31.91";"32.35";"47900293"
"2022-06-28";"32.83";"33.50";"32.19";"32.26";"49915905"
"2022-06-29";"32.23";"32.44";"31.66";"31.86";"35149746"
"2022-06-30";"31.17";"31.55";"30.64";"31.13";"46312262"
"2022-07-01";"30.98";"31.67";"30.63";"31.56";"40236080"
"2022-07-05";"30.80";"31.24";"30.45";"31.24";"47442656"
"2022-07-06";"31.01";"31.25";"30.64";"30.98";"35933728"
"2022-07-07";"31.50";"32.01";"31.47";"31.86";"40137866"
"2022-07-08";"32.01";"32.25";"31.56";"31.79";"31153758"
"2022-07-11";"31.55";"31.79";"31.29";"31.46";"29342283"
"2022-07-12";"31.02";"32.03";"30.98";"31.36";"39527035"
"2022-07-13";"31.07";"31.15";"30.40";"30.84";"44153699"
"2022-07-14";"30.09";"30.22";"29.67";"30.13";"51707785"
"2022-07-15";"30.65";"32.63";"30.61";"32.25";"77787294"
"2022-07-18";"33.08";"33.38";"32.11";"32.26";"56382923"
"2022-07-19";"32.90";"33.62";"32.68";"33.35";"46874861"
"2022-07-20";"33.18";"33.45";"32.95";"33.36";"35514908"
"2022-07-21";"33.09";"33.67";"32.95";"33.65";"31243966"
"2022-07-22";"33.60";"33.94";"33.09";"33.43";"27115352"
"2022-07-25";"33.78";"33.98";"33.44";"33.73";"30380960"
"2022-07-26";"33.41";"33.78";"32.96";"33.05";"30645743"
"2022-07-27";"33.24";"33.77";"32.95";"33.59";"30344780"
"2022-07-28";"33.50";"33.75";"32.90";"33.32";"40176465"
"2022-07-29";"33.47";"33.94";"33.35";"33.81";"48152531"
"2022-08-01";"33.62";"33.89";"33.22";"33.71";"32336671"
"2022-08-02";"33.60";"33.72";"33.00";"33.04";"37884135"
"2022-08-03";"33.42";"33.75";"33.17";"33.64";"30065776"
"2022-08-04";"33.52";"33.67";"33.17";"33.40";"28404453"
"2022-08-05";"33.28";"34.33";"33.24";"33.96";"35874544"
"2022-08-08";"34.17";"34.29";"33.45";"33.49";"33474410"
"2022-08-09";"33.65";"33.96";"33.41";"33.92";"40196923"
"2022-08-10";"34.50";"35.43";"34.45";"35.07";"61415796"
"2022-08-11";"35.77";"36.06";"35.65";"35.91";"50420767"
"2022-08-12";"36.16";"36.31";"35.69";"36.30";"31821682"
"2022-08-15";"35.84";"36.30";"35.67";"36.25";"24907959"
"2022-08-16";"36.19";"36.94";"36.10";"36.64";"31780170"
"2022-08-17";"36.20";"36.59";"36.08";"36.41";"27056125"
"2022-08-18";"36.25";"36.40";"36.00";"36.28";"23138277"
"2022-08-19";"35.96";"36.03";"35.31";"35.48";"36485444"
"2022-08-22";"34.75";"34.82";"34.45";"34.72";"31210313"
"2022-08-23";"34.67";"34.97";"34.36";"34.41";"26587950"
"2022-08-24";"34.25";"34.80";"34.05";"34.52";"31389358"
"2022-08-25";"34.60";"35.28";"34.45";"35.14";"40576733"
"2022-08-26";"35.44";"35.48";"34.02";"34.03";"36152571"
"2022-08-29";"33.86";"34.15";"33.61";"33.90";"34931028"
"2022-08-30";"34.18";"34.28";"33.54";"34.09";"48194904"
"2022-08-31";"34.14";"34.37";"33.60";"33.61";"44917577"
"2022-09-01";"33.34";"33.49";"32.66";"33.47";"32788694"
"2022-09-02";"33.93";"34.48";"33.27";"33.43";"43890794"
"2022-09-06";"33.64";"33.73";"32.61";"33.06";"40762410"
"2022-09-07";"32.81";"33.67";"32.63";"33.57";"40742644"
"2022-09-08";"33.46";"34.73";"33.27";"34.65";"44361831"
"2022-09-09";"34.98";"35.25";"34.84";"34.94";"37308711"
"2022-09-12";"35.20";"35.63";"35.03";"35.27";"30533965"
"2022-09-13";"34.58";"34.72";"33.81";"34.00";"40959631"
"2022-09-14";"34.20";"34.42";"33.54";"33.87";"32004428"
"2022-09-15";"33.79";"34.90";"33.70";"34.51";"44863253"
"2022-09-16";"34.19";"34.23";"33.66";"34.12";"54281841"
"2022-09-19";"33.72";"34.87";"33.63";"34.69";"29781993"
"2022-09-20";"34.50";"34.78";"33.88";"34.17";"33591050"
"2022-09-21";"34.31";"34.40";"33.12";"33.15";"51667806"
"2022-09-22";"33.31";"33.42";"32.39";"32.50";"47527455"
"2022-09-23";"31.93";"32.09";"31.21";"31.73";"55316073"
"2022-09-26";"31.32";"31.82";"30.68";"31.03";"40285232"
"2022-09-27";"31.27";"31.37";"30.30";"30.57";"43396576"
"2022-09-28";"30.53";"31.31";"30.39";"31.07";"38372850"
"2022-09-29";"30.69";"30.90";"30.21";"30.66";"35220878"
"2022-09-30";"30.76";"31.19";"30.17";"30.20";"42294080"
"2022-10-03";"30.59";"31.28";"30.20";"31.09";"34591712"
"2022-10-04";"31.72";"32.52";"31.66";"32.38";"39735134"
"2022-10-05";"31.54";"32.03";"31.45";"31.92";"35791137"
"2022-10-06";"31.60";"31.88";"31.36";"31.46";"40891904"
"2022-10-07";"31.17";"31.24";"30.53";"30.75";"52304648"
"2022-10-10";"30.90";"31.05";"30.35";"30.66";"37669096"
"2022-10-11";"30.37";"30.47";"29.57";"29.77";"58123991"
"2022-10-12";"29.64";"30.31";"29.48";"29.86";"36137903"
"2022-10-13";"29.41";"31.77";"29.31";"31.69";"67671021"
"2022-10-14";"31.81";"32.63";"31.57";"31.70";"58172786"
"2022-10-17";"33.36";"33.87";"32.87";"33.62";"88896788"
"2022-10-18";"34.98";"35.36";"34.28";"34.88";"81871931"
"2022-10-19";"34.58";"34.83";"33.77";"33.92";"43139852"
"2022-10-20";"33.98";"34.63";"33.59";"33.70";"39549112"
"2022-10-21";"33.56";"35.04";"33.56";"34.95";"54870269"
"2022-10-24";"35.11";"35.26";"34.71";"35.07";"33665556"
"2022-10-25";"34.74";"35.58";"34.53";"35.39";"37132262"
"2022-10-26";"35.42";"36.09";"35.35";"35.70";"41113536"
"2022-10-27";"36.15";"36.37";"35.77";"35.87";"35261850"
"2022-10-28";"36.04";"36.30";"35.64";"36.18";"31564107"
"2022-10-31";"36.00";"36.33";"35.81";"36.04";"32565539"
"2022-11-01";"36.44";"36.76";"36.11";"36.20";"29913153"
"2022-11-02";"36.07";"37.28";"35.95";"36.09";"57380608"
"2022-11-03";"35.70";"36.14";"35.41";"35.89";"30046473"
"2022-11-04";"36.50";"37.00";"36.22";"36.79";"39345359"
"2022-11-07";"37.01";"37.34";"36.73";"37.01";"37533674"
"2022-11-08";"37.09";"37.43";"36.75";"37.11";"32664337"
"2022-11-09";"36.88";"36.96";"36.39";"36.52";"30161644"
"2022-11-10";"37.30";"38.22";"37.14";"38.13";"45702792"
"2022-11-11";"38.19";"38.60";"37.97";"38.41";"35688704"
"2022-11-14";"38.09";"38.26";"37.75";"37.76";"35541395"
"2022-11-15";"38.19";"38.30";"37.30";"37.70";"46082834"
"2022-11-16";"37.61";"37.74";"37.20";"37.36";"23813033"
"2022-11-17";"36.88";"37.20";"36.56";"37.17";"23687419"
"2022-11-18";"37.79";"37.85";"36.92";"37.19";"31834551"
"2022-11-21";"37.09";"37.52";"37.06";"37.31";"27935743"
"2022-11-22";"37.59";"37.80";"37.43";"37.49";"23499319"
"2022-11-23";"37.49";"37.66";"37.37";"37.61";"18934684"
"2022-11-25";"37.72";"37.87";"37.56";"37.70";"16118501"
"2022-11-28";"37.40";"37.66";"36.83";"36.86";"35446544"
"2022-11-29";"36.98";"37.15";"36.72";"37.00";"27048797"
"2022-11-30";"36.90";"37.85";"36.20";"37.85";"51747855"
"2022-12-01";"37.50";"37.69";"36.40";"36.55";"46213201"
"2022-12-02";"36.06";"36.29";"35.81";"36.08";"42295326"
"2022-12-05";"35.81";"35.89";"34.14";"34.47";"71386649"
"2022-12-06";"34.57";"34.68";"32.41";"33.00";"83497578"
"2022-12-07";"32.59";"32.92";"32.35";"32.74";"48509637"
"2022-12-08";"32.97";"32.99";"32.18";"32.44";"45491146"
"2022-12-09";"32.11";"32.60";"32.08";"32.38";"36985545"
"2022-12-12";"32.31";"32.78";"32.06";"32.73";"41060489"
"2022-12-13";"33.55";"33.67";"32.57";"32.75";"54804802"
"2022-12-14";"32.80";"33.00";"32.16";"32.28";"48819481"
"2022-12-15";"31.75";"31.99";"31.49";"31.77";"49027584"
"2022-12-16";"31.62";"31.93";"31.35";"31.70";"61795197"
"2022-12-19";"31.76";"32.23";"31.73";"32.06";"38374105"
"2022-12-20";"32.40";"32.58";"32.14";"32.19";"35561072"
"2022-12-21";"32.52";"32.87";"32.41";"32.68";"32543963"
"2022-12-22";"32.52";"32.58";"31.87";"32.39";"30167525"
"2022-12-23";"32.40";"32.58";"32.19";"32.47";"21378584"
"2022-12-27";"32.50";"32.67";"32.28";"32.53";"22776092"
"2022-12-28";"32.57";"32.97";"32.54";"32.77";"30541004"
"2022-12-29";"32.89";"33.16";"32.75";"33.14";"22252908"
"2022-12-30";"33.10";"33.30";"32.86";"33.12";"28198915"
"2023-01-03";"33.23";"34.09";"33.21";"33.51";"35221501"
"2023-01-04";"33.90";"34.82";"33.83";"34.14";"41998548"
"2023-01-05";"33.92";"34.14";"33.58";"34.07";"34177048"
"2023-01-06";"34.09";"34.58";"33.54";"34.41";"34068731"
"2023-01-09";"34.75";"34.76";"33.71";"33.89";"43818820"
"2023-01-10";"33.74";"34.27";"33.64";"34.12";"35096022"
"2023-01-11";"34.12";"34.44";"34.00";"34.38";"36783730"
"2023-01-12";"34.60";"34.87";"34.36";"34.47";"44230396"
"2023-01-13";"34.20";"35.39";"33.09";"35.23";"89667817"
"2023-01-17";"34.69";"34.83";"34.15";"34.52";"56458394"
"2023-01-18";"34.33";"34.34";"33.51";"33.72";"54517763"
"2023-01-19";"33.29";"33.55";"32.89";"33.23";"42623120"
"2023-01-20";"33.30";"33.89";"33.09";"33.85";"45004365"
"2023-01-23";"33.81";"34.51";"33.75";"34.32";"33683307"
"2023-01-24";"34.22";"34.79";"33.95";"34.57";"26716730"
"2023-01-25";"34.30";"34.96";"34.25";"34.87";"28859718"
"2023-01-26";"35.05";"35.35";"34.79";"35.34";"30035463"
"2023-01-27";"35.44";"35.78";"35.27";"35.45";"29964907"
"2023-01-30";"35.21";"35.56";"35.18";"35.30";"27353495"
"2023-01-31";"35.17";"35.48";"35.00";"35.48";"38917437"
"2023-02-01";"35.20";"36.26";"35.11";"35.92";"44385726"
"2023-02-02";"36.10";"36.38";"35.44";"36.13";"33729056"
"2023-02-03";"36.02";"36.76";"35.90";"36.43";"37411682"
"2023-02-06";"36.25";"36.44";"35.98";"36.37";"29369702"
"2023-02-07";"36.17";"37.00";"36.13";"36.77";"44100247"
"2023-02-08";"36.41";"36.84";"36.34";"36.50";"28032757"
"2023-02-09";"36.27";"36.35";"35.56";"35.72";"35257061"
"2023-02-10";"35.55";"35.59";"35.03";"35.58";"32898903"
"2023-02-13";"35.48";"35.78";"35.39";"35.65";"29163863"
"2023-02-14";"35.63";"35.99";"35.46";"35.62";"33625202"
"2023-02-15";"35.32";"35.61";"35.16";"35.56";"23516510"
"2023-02-16";"35.42";"35.66";"35.22";"35.28";"22681070"
"2023-02-17";"35.08";"35.39";"34.75";"35.35";"28562699"
"2023-02-21";"34.91";"35.05";"34.27";"34.52";"37068852"
"2023-02-22";"34.36";"34.55";"34.07";"34.29";"38550421"
"2023-02-23";"34.40";"34.60";"33.86";"34.26";"28487971"
"2023-02-24";"33.86";"34.29";"33.84";"34.21";"27046643"
"2023-02-27";"34.45";"34.69";"34.17";"34.21";"30137549"
"2023-02-28";"34.35";"34.49";"34.18";"34.30";"32620619"
"2023-03-01";"34.15";"34.49";"33.98";"34.14";"29874088"
